英文专名,类型,当前译名,统一音译,使用规则,来源
Golden Wasp,船名,金蜂号,戈尔登瓦斯普号,船名音译，加“号”。,固定规则
Wave-Breaker,称号/船名,破浪,韦夫布雷克,称号或专名音译。,固定规则
Sea Hounds,组织名,海猎犬,西霍恩德团,组织名音译，加“团”。,固定规则
Sea Hounds,组织名,海猎犬,西霍恩德团,组织名音译，加“团”。,固定规则
Sea Hounds,组织名,海猎犬,西霍恩德团,组织名音译，加“团”。,固定规则
Leviathan,船名/专名,利维坦,利维坦,通行音译保留。,固定规则
Nereid,船名/专名,涅瑞伊得,涅瑞伊得,通行音译保留。,固定规则
Djinn-King,船名/称号,巨灵之王,金恩金,专名音译。,固定规则
Lord of the Horns,船名/称号,角之主,洛德奥夫霍恩斯,专名音译。,固定规则
Good King Bonneric,船名/称号,贤王博内里克,古德金博内里克,专名音译。,固定规则
Queen Tara,船名/称号,塔拉女王,昆塔拉,专名音译。,固定规则
Volbjorn the Hungry,人物称号,饿狼沃尔比约恩,沃尔比约恩·亨格里,人物称号音译。,固定规则
Halthdar the Golden,人物称号,金王哈尔斯达尔,哈尔斯达尔·戈尔登,人物称号音译。,固定规则
Hull,舰船航海,船壳,哈尔,AI音译，保留文化专名。,术语表候选
Hunters,舰船航海,猎手,亨特斯,AI音译，保留文化专名。,术语表候选
Lady,舰船航海,贵妇,莱迪,AI音译，保留文化专名。,术语表候选
Medium,舰船航海,中型,米迪厄姆,AI音译，保留文化专名。,术语表候选
Sail,舰船航海,船帆,塞尔,AI音译，保留文化专名。,术语表候选
Seaworthiness,舰船航海,适航性,西沃西内斯,AI音译，保留文化专名。,术语表候选
Strong,舰船航海,坚固,斯特朗,AI音译，保留文化专名。,术语表候选
Additional Ammo Bonus,舰船航海,额外弹药,阿迪申纳尔·阿莫·伯纳斯,AI音译，保留文化专名。,术语表候选
Aft,舰船航海,船尾,阿夫特,AI音译，保留文化专名。,术语表候选
Albacore,舰船航海,长鳍金枪鱼,阿尔巴科尔,AI音译，保留文化专名。,术语表候选
Albatross,舰船航海,信天翁,阿尔巴特罗斯,AI音译，保留文化专名。,术语表候选
Alda,舰船航海,阿尔达,阿尔达,AI音译，保留文化专名。,术语表候选
Ale-Cask,舰船航海,酒桶,埃尔-卡斯克,AI音译，保留文化专名。,术语表候选
Alerion-Bird,舰船航海,阿莱里翁鸟,阿莱里翁-伯德,AI音译，保留文化专名。,术语表候选
Ally Defeated,舰船航海,盟友败退,阿利·迪菲蒂德,AI音译，保留文化专名。,术语表候选
Already repaired,舰船航海,已修复,奥尔德雷·里佩尔德,AI音译，保留文化专名。,术语表候选
Amnesties for Pirates,舰船航海,海盗赦令,阿姆内斯蒂斯·福尔·派雷茨,AI音译，保留文化专名。,术语表候选
Angel,舰船航海,天使,安杰尔,AI音译，保留文化专名。,术语表候选
Angranfjord,舰船航海,安格兰峡湾,安格兰菲尤尔德,AI音译，保留文化专名。,术语表候选
Anqa of the Sunset,舰船航海,落日安卡,安卡·奥夫·德·桑塞特,AI音译，保留文化专名。,术语表候选
Antelope,舰船航海,羚羊,安特洛普,AI音译，保留文化专名。,术语表候选
Approach the meeting zone,舰船航海,接近会合区,阿普罗奇·德·米廷·佐恩,AI音译，保留文化专名。,术语表候选
Archangel,舰船航海,大天使,阿昌杰尔,AI音译，保留文化专名。,术语表候选
Ark of the Gal,舰船航海,加尔方舟,阿克·奥夫·德·加尔,AI音译，保留文化专名。,术语表候选
Arrow and Javelin Bins,舰船航海,箭矢标枪箱,阿罗·安德·贾弗林·宾斯,AI音译，保留文化专名。,术语表候选
Arrow Bins,舰船航海,箭矢箱,阿罗·宾斯,AI音译，保留文化专名。,术语表候选
Arrow Brazier,舰船航海,火箭火盆,阿罗·布拉齐尔,AI音译，保留文化专名。,术语表候选
Arrow Crates,舰船航海,箭矢板条箱,阿罗·克雷茨,AI音译，保留文化专名。,术语表候选
Arrow of Urkhun,舰船航海,乌尔昆之箭,阿罗·奥夫·乌尔昆,AI音译，保留文化专名。,术语表候选
Arsenals of State,舰船航海,国家武库,阿森纳尔斯·奥夫·斯泰特,AI音译，保留文化专名。,术语表候选
Asaligat,舰船航海,阿萨利加特,阿萨利加特,AI音译，保留文化专名。,术语表候选
Ash Light Oars,舰船航海,白蜡轻桨,阿什·莱特·奥尔斯,AI音译，保留文化专名。,术语表候选
Askar River,舰船航海,阿斯卡尔河,阿斯卡尔·里弗,AI音译，保留文化专名。,术语表候选
Asp,舰船航海,角蝰,阿斯普,AI音译，保留文化专名。,术语表候选
Aspen Light Oars,舰船航海,山杨轻桨,阿斯彭·莱特·奥尔斯,AI音译，保留文化专名。,术语表候选
Assign as Ship,舰船航海,指定为船,阿赛恩·阿斯·希普,AI音译，保留文化专名。,术语表候选
Ataconia River,舰船航海,阿塔科尼亚河,阿塔科尼亚·里弗,AI音译，保留文化专名。,术语表候选
Attached Ship,舰船航海,附属舰船,阿塔奇德·希普,AI音译，保留文化专名。,术语表候选
Attempt Boarding,舰船航海,尝试接舷,阿坦普特·博丁,AI音译，保留文化专名。,术语表候选
Autokrator,舰船航海,独裁者,奥托克拉托尔,AI音译，保留文化专名。,术语表候选
Auxiliaries to the Fleet,舰船航海,舰队辅助,奥克西利阿里斯·图·德·弗利特,AI音译，保留文化专名。,术语表候选
Axe Breaker Banner,舰船航海,破斧旗,阿克斯·布雷克·班纳,AI音译，保留文化专名。,术语表候选
Axe of the North Wind,舰船航海,北风之斧,阿克斯·奥夫·德·诺斯·温德,AI音译，保留文化专名。,术语表候选
Badger,舰船航海,獾,巴杰,AI音译，保留文化专名。,术语表候选
Ballista,舰船航海,弩炮,巴利斯塔,AI音译，保留文化专名。,术语表候选
Banner of Calradios,舰船航海,卡拉迪奥斯之旗,班纳·奥夫·卡拉迪奥斯,AI音译，保留文化专名。,术语表候选
Barracuda,舰船航海,梭鱼,巴拉库达,AI音译，保留文化专名。,术语表候选
Barrel of oil,舰船航海,油桶,巴雷尔·奥夫·奥伊尔,AI音译，保留文化专名。,术语表候选
Barrow-Filler,舰船航海,填墓者,巴罗-菲勒,AI音译，保留文化专名。,术语表候选
Basilisk,舰船航海,蛇怪,巴西利斯克,AI音译，保留文化专名。,术语表候选
Battering Liburna,舰船航海,撞击利布尼亚,巴特林·利布尔纳,AI音译，保留文化专名。,术语表候选
Battle-Howl of Curlac,舰船航海,库拉克战嚎,巴特尔-豪尔·奥夫·库拉克,AI音译，保留文化专名。,术语表候选
Battlements,舰船航海,城垛,巴特尔门茨,AI音译，保留文化专名。,术语表候选
Battlements with Barracks,舰船航海,城垛营房,巴特尔门茨·威斯·巴拉克,AI音译，保留文化专名。,术语表候选
Battlements with Improved Rudder,舰船航海,城垛改良舵,巴特尔门茨·威斯·因普鲁夫德·拉德,AI音译，保留文化专名。,术语表候选
Bayard,舰船航海,贝亚德,贝亚德,AI音译，保留文化专名。,术语表候选
Beacon,舰船航海,烽火,比肯,AI音译，保留文化专名。,术语表候选
Bear,舰船航海,熊,贝尔,AI音译，保留文化专名。,术语表候选
Bear of Velos,舰船航海,维洛斯之熊,贝尔·奥夫·维洛斯,AI音译，保留文化专名。,术语表候选
Behemoth,舰船航海,巨兽,贝希摩斯,AI音译，保留文化专名。,术语表候选
Bellow of Tryth,舰船航海,特里特之吼,贝洛·奥夫·特里特,AI音译，保留文化专名。,术语表候选
Beluga,舰船航海,白鲸,贝卢加,AI音译，保留文化专名。,术语表候选
Birch Wide Oars,舰船航海,桦木宽桨,伯奇·怀德·奥尔斯,AI音译，保留文化专名。,术语表候选
Bird of Jebel Qaf,舰船航海,杰别尔山鸟,伯德·奥夫·杰别尔·卡夫,AI音译，保留文化专名。,术语表候选
Birlinn,舰船航海,比林船,伯林,AI音译，保留文化专名。,术语表候选
Black Dromedary,舰船航海,黑单峰驼,布莱克·德罗梅达里,AI音译，保留文化专名。,术语表候选
Blackfish,舰船航海,黑鱼,布莱克菲什,AI音译，保留文化专名。,术语表候选
Blessing,舰船航海,祝福,布莱辛,AI音译，保留文化专名。,术语表候选
Blessing of Ulukayin,舰船航海,乌鲁卡因之佑,布莱辛·奥夫·乌鲁卡因,AI音译，保留文化专名。,术语表候选
Blessings Of The Sea,舰船航海,海洋赐福,布莱辛斯·奥夫·德·西,AI音译，保留文化专名。,术语表候选
Blood-Spiller Banner,舰船航海,溅血旗,布拉德-斯皮勒·班纳,AI音译，保留文化专名。,术语表候选
Bloody Wake,舰船航海,血浪,布拉迪·韦克,AI音译，保留文化专名。,术语表候选
Blue Flame,舰船航海,蓝焰,布鲁·弗莱姆,AI音译，保留文化专名。,术语表候选
Boar of Torc Lugh,舰船航海,托尔克卢格野猪,博尔·奥夫·托尔克·卢格,AI音译，保留文化专名。,术语表候选
Boarding,舰船航海,接舷,博丁,AI音译，保留文化专名。,术语表候选
Boarding Master,舰船航海,接舷大师,博丁·马斯特,AI音译，保留文化专名。,术语表候选
Boarding Weapons,舰船航海,登船武备,博丁·韦彭斯,AI音译，保留文化专名。,术语表候选
Boatswain,舰船航海,水手长,博茨温,AI音译，保留文化专名。,术语表候选
Bogatyr,舰船航海,博加特勇士,博加特,AI音译，保留文化专名。,术语表候选
Bold Vilund,舰船航海,无畏维隆德,博尔德·维隆德,AI音译，保留文化专名。,术语表候选
Bolster the Militia,舰船航海,壮丁征召,博尔斯特·米利提亚,AI音译，保留文化专名。,术语表候选
Break Free of Captivity,舰船航海,挣脱囚笼,布雷克·弗里·卡普提维提,AI音译，保留文化专名。,术语表候选
Breath of the Djinn,舰船航海,巨灵之息,布雷思·奥夫·吉恩,AI音译，保留文化专名。,术语表候选
Breath-Quencher,舰船航海,止渴之舟,布雷思-昆彻,AI音译，保留文化专名。,术语表候选
Bride,舰船航海,新娘号,布赖德号,AI音译，保留文化专名。,术语表候选
Bronze Sheathing,舰船航海,青铜包板,布朗兹·希辛,AI音译，保留文化专名。,术语表候选
Brute Force,舰船航海,蛮力,布鲁特·福斯,AI音译，保留文化专名。,术语表候选
Buffalo,舰船航海,水牛号,布法罗号,AI音译，保留文化专名。,术语表候选
Bull,舰船航海,公牛号,布尔号,AI音译，保留文化专名。,术语表候选
Bull of Cul,舰船航海,库尔公牛,布尔·奥夫·库尔,AI音译，保留文化专名。,术语表候选
Buy,舰船航海,购买,拜,AI音译，保留文化专名。,术语表候选
Buy Back,舰船航海,赎回,拜·巴克,AI音译，保留文化专名。,术语表候选
Cachalot,舰船航海,抹香鲸号,卡沙洛特号,AI音译，保留文化专名。,术语表候选
Cage for prisoners,舰船航海,囚笼,凯奇·福·普瑞森纳,AI音译，保留文化专名。,术语表候选
Call fleet,舰船航海,召集舰队,考尔·弗利特,AI音译，保留文化专名。,术语表候选
Call of the Oceans,舰船航海,海洋的呼唤,考尔·奥夫·欧申斯,AI音译，保留文化专名。,术语表候选
Camel of the Nahasa,舰船航海,纳哈萨之驼,卡梅尔·奥夫·纳哈萨,AI音译，保留文化专名。,术语表候选
Cameleopard,舰船航海,长颈鹿号,卡梅洛帕德号,AI音译，保留文化专名。,术语表候选
Capture the Merchant Crusas,舰船航海,捕获商船克鲁萨斯,卡普彻·默钱特·克鲁萨斯,AI音译，保留文化专名。,术语表候选
Capture the ship,舰船航海,夺船,卡普彻·希普,AI音译，保留文化专名。,术语表候选
Captured Knarr,舰船航海,俘获克纳尔,卡普彻德·克纳尔,AI音译，保留文化专名。,术语表候选
Captured Knarr Ship,舰船航海,俘获克纳尔船,卡普彻德·克纳尔·希普,AI音译，保留文化专名。,术语表候选
Cargo Tent,舰船航海,货舱帐篷,卡戈·滕特,AI音译，保留文化专名。,术语表候选
Centaur,舰船航海,半人马号,森陶尔号,AI音译，保留文化专名。,术语表候选
Chain to Oars,舰船航海,锁链缚桨,钦·图·奥尔斯,AI音译，保留文化专名。,术语表候选
Chains,舰船航海,锁链,钦斯,AI音译，保留文化专名。,术语表候选
Chalice,舰船航海,圣杯号,查利斯号,AI音译，保留文化专名。,术语表候选
Change Camera,舰船航海,切换视角,钱吉·卡梅拉,AI音译，保留文化专名。,术语表候选
Change Ship Name,舰船航海,更改船名,钱吉·希普·内姆,AI音译，保留文化专名。,术语表候选
Change upgrade tier,舰船航海,变更升级等级,钱吉·阿普格雷德·蒂尔,AI音译，保留文化专名。,术语表候选
Cheetah,舰船航海,猎豹号,奇塔号,AI音译，保留文化专名。,术语表候选
Chernobog's Laughter,舰船航海,切尔诺博格之笑,切尔诺博格·劳夫特,AI音译，保留文化专名。,术语表候选
Clear ship,舰船航海,清空船只,克利尔·希普,AI音译，保留文化专名。,术语表候选
Clear Slot,舰船航海,清空槽位,克利尔·斯洛特,AI音译，保留文化专名。,术语表候选
Coast of Chaikand,舰船航海,柴坎德海岸,科斯特·奥夫·柴坎德,AI音译，保留文化专名。,术语表候选
Coast of Drapand,舰船航海,德拉潘德海岸,科斯特·奥夫·德拉潘德,AI音译，保留文化专名。,术语表候选
Coast of Gretysfjord,舰船航海,格雷蒂斯峡湾海岸,科斯特·奥夫·格雷蒂斯峡湾,AI音译，保留文化专名。,术语表候选
Coast of Hakarshus,舰船航海,哈卡舒斯海岸,科斯特·奥夫·哈卡舒斯,AI音译，保留文化专名。,术语表候选
Coast of Hvalvik,舰船航海,瓦尔维克海岸,科斯特·奥夫·瓦尔维克,AI音译，保留文化专名。,术语表候选
Coast of Jogurys,舰船航海,约古里斯海岸,科斯特·奥夫·约古里斯,AI音译，保留文化专名。,术语表候选
Coast of Midskag,舰船航海,米兹斯卡格海岸,科斯特·奥夫·米兹斯卡格,AI音译，保留文化专名。,术语表候选
Coast of Ov,舰船航海,奥夫海岸,科斯特·奥夫·奥夫,AI音译，保留文化专名。,术语表候选
Coast of Qasira,舰船航海,卡西拉海岸,科斯特·奥夫·卡西拉,AI音译，保留文化专名。,术语表候选
Coast of Razih,舰船航海,拉齐赫海岸,科斯特·奥夫·拉齐赫,AI音译，保留文化专名。,术语表候选
Coast of Tharklif,舰船航海,萨克利夫海岸,科斯特·奥夫·萨克利夫,AI音译，保留文化专名。,术语表候选
Coast of Varnovapol,舰船航海,瓦尔诺瓦波尔海岸,科斯特·奥夫·瓦尔诺瓦波尔,AI音译，保留文化专名。,术语表候选
Coastal fisherman,舰船航海,沿岸渔民,科斯特尔·费舍曼,AI音译，保留文化专名。,术语表候选
Coastal Patrol,舰船航海,海岸巡逻,科斯特尔·帕特罗尔,AI音译，保留文化专名。,术语表候选
Codfish,舰船航海,鳕鱼号,科德菲什号,AI音译，保留文化专名。,术语表候选
Cog of the Fortune,舰船航海,命运柯克,科格·奥夫·福琼,AI音译，保留文化专名。,术语表候选
Commanding Friendly Ships,舰船航海,指挥友舰,科曼丁·弗兰德利·希普斯,AI音译，保留文化专名。,术语表候选
Commodore,舰船航海,准将,科莫多尔,AI音译，保留文化专名。,术语表候选
Concord,舰船航海,和谐号,康科德号,AI音译，保留文化专名。,术语表候选
Consort of Tiamat,舰船航海,提亚马特之侣,康索特·奥夫·提亚马特,AI音译，保留文化专名。,术语表候选
Control Ballista,舰船航海,操控弩炮,康特罗尔·巴利斯塔,AI音译，保留文化专名。,术语表候选
Control the Ship,舰船航海,掌舵,康特罗尔·希普,AI音译，保留文化专名。,术语表候选
Convoy Wage Multiplier,舰船航海,护航队薪资倍率,康沃伊·韦奇·马尔蒂普莱尔,AI音译，保留文化专名。,术语表候选
Copper Sheathing,舰船航海,铜皮包板,科珀·希辛,AI音译，保留文化专名。,术语表候选
Corbita,舰船航海,柯比塔,柯比塔,AI音译，保留文化专名。,术语表候选
Cormorant,舰船航海,鸬鹚号,科莫兰特号,AI音译，保留文化专名。,术语表候选
Corpse-Forger,舰船航海,尸骸锻造者,科普斯-福杰,AI音译，保留文化专名。,术语表候选
Corsair Hunting Grounds,舰船航海,海盗猎场,科塞尔·亨廷·格朗兹,AI音译，保留文化专名。,术语表候选
Corsair Traders,舰船航海,海盗商贩,科塞尔·特雷德斯,AI音译，保留文化专名。,术语表候选
Cotton Sails,舰船航海,棉帆,科顿·塞尔斯,AI音译，保留文化专名。,术语表候选
Crew Capacity,舰船航海,船员容量,克鲁·卡帕西提,AI音译，保留文化专名。,术语表候选
Crew Count,舰船航海,船员数量,克鲁·康特,AI音译，保留文化专名。,术语表候选
Crew Melee Damage,舰船航海,船员近战伤害,克鲁·梅莱·达米吉,AI音译，保留文化专名。,术语表候选
Crew of Spears,舰船航海,矛手船员,克鲁·奥夫·斯皮尔斯,AI音译，保留文化专名。,术语表候选
Crew Shield Hitpoints,舰船航海,船员盾牌生命,克鲁·希尔德·希特波因茨,AI音译，保留文化专名。,术语表候选
Crocodile,舰船航海,鳄鱼号,克罗科代尔号,AI音译，保留文化专名。,术语表候选
Crowd on the Sail,舰船航海,帆上拥挤,克劳德·昂·塞勒,AI音译，保留文化专名。,术语表候选
Cunning Tarsil,舰船航海,狡诈塔西尔,坎宁·塔西尔,AI音译，保留文化专名。,术语表候选
Currach Sailors,舰船航海,科拉科尔水手,库拉赫·塞勒斯,AI音译，保留文化专名。,术语表候选
Cut Loose,舰船航海,斩断缆绳,卡特·卢斯,AI音译，保留文化专名。,术语表候选
Cut Ships Loose,舰船航海,斩断船缆,卡特·希普斯·卢斯,AI音译，保留文化专名。,术语表候选
Death's Harbringer,舰船航海,死亡先驱,戴斯·哈布林杰,AI音译，保留文化专名。,术语表候选
Deck,舰船航海,甲板,德克,AI音译，保留文化专名。,术语表候选
Deck Tent,舰船航海,甲板帐篷,德克·滕特,AI音译，保留文化专名。,术语表候选
Defeat Corsairs in Skatrias,舰船航海,击败斯卡特里亚海盗,迪菲特·科塞尔斯·因·斯卡特里亚斯,AI音译，保留文化专名。,术语表候选
Defeat Fahda's consorts,舰船航海,击败法赫达的护卫,迪菲特·法赫达·康索茨,AI音译，保留文化专名。,术语表候选
Defeat Purig - Duel,舰船航海,击败普里格——决斗,击败普里格——决斗,AI音译，保留文化专名。,术语表候选
Defeat Purig's crew,舰船航海,击败普里格的船员,击败普里格的船员,AI音译，保留文化专名。,术语表候选
Defeat the Enemy Crew,舰船航海,击败敌方船员,击败敌方船员,AI音译，保留文化专名。,术语表候选
Defeat the Reinforcements,舰船航海,击败援军,击败援军,AI音译，保留文化专名。,术语表候选
Defeat the Sea Hound fleet,舰船航海,击败海狼舰队,击败海狼舰队,AI音译，保留文化专名。,术语表候选
Defeat the Sea Hounds,舰船航海,击败海狼,击败海狼,AI音译，保留文化专名。,术语表候选
Defeated corsair parties,舰船航海,被击败的海盗队伍,被击败的海盗队伍,AI音译，保留文化专名。,术语表候选
Defend Ship,舰船航海,防御舰船,防御舰船,AI音译，保留文化专名。,术语表候选
Delegate Command,舰船航海,委任指挥,委任指挥,AI音译，保留文化专名。,术语表候选
Destiny,舰船航海,命运,命运,AI音译，保留文化专名。,术语表候选
Destroy the Mangonels,舰船航海,摧毁投石机,摧毁投石机,AI音译，保留文化专名。,术语表候选
Devouring Wolf,舰船航海,噬狼,噬狼,AI音译，保留文化专名。,术语表候选
Dhow,舰船航海,三角帆船,三角帆船,AI音译，保留文化专名。,术语表候选
Diamond,舰船航海,钻石,钻石,AI音译，保留文化专名。,术语表候选
Discard,舰船航海,丢弃,丢弃,AI音译，保留文化专名。,术语表候选
Djinn's Cavalcade,舰船航海,巨灵巡游,巨灵巡游,AI音译，保留文化专名。,术语表候选
Dockers,舰船航海,码头工人,码头工人,AI音译，保留文化专名。,术语表候选
Dogfish,舰船航海,星鲨,星鲨,AI音译，保留文化专名。,术语表候选
Dolphin,舰船航海,海豚,海豚,AI音译，保留文化专名。,术语表候选
Dornal of the Harp,舰船航海,竖琴手多尔纳,竖琴手多尔纳,AI音译，保留文化专名。,术语表候选
Draconopedes,舰船航海,龙足,龙足,AI音译，保留文化专名。,术语表候选
Drakkar,舰船航海,龙头战船,龙头战船,AI音译，保留文化专名。,术语表候选
Draugr,舰船航海,尸鬼,尸鬼,AI音译，保留文化专名。,术语表候选
Dromakion,舰船航海,德罗马基翁,德罗马基翁,AI音译，保留文化专名。,术语表候选
Dromon,舰船航海,德罗蒙战舰,德罗蒙战舰,AI音译，保留文化专名。,术语表候选
Eagle,舰船航海,雄鹰,雄鹰,AI音译，保留文化专名。,术语表候选
Eastern Basic Tent,舰船航海,东方基础帐篷,东方基础帐篷,AI音译，保留文化专名。,术语表候选
Eastern Exquisite Tent,舰船航海,东方精制帐篷,东方精制帐篷,AI音译，保留文化专名。,术语表候选
Eastern Galley,舰船航海,东方桨帆船,东方桨帆船,AI音译，保留文化专名。,术语表候选
Eastern Ornate Tent,舰船航海,东方华丽帐篷,东方华丽帐篷,AI音译，保留文化专名。,术语表候选
Eel-Feeder,舰船航海,饲鳗者,饲鳗者,AI音译，保留文化专名。,术语表候选
Efficient Captain,舰船航海,干练船长,干练船长,AI音译，保留文化专名。,术语表候选
Elephant,舰船航海,巨象,巨象,AI音译，保留文化专名。,术语表候选
Emerald,舰船航海,翡翠,翡翠,AI音译，保留文化专名。,术语表候选
Enemy of the Wood,舰船航海,林木之敌,林木之敌,AI音译，保留文化专名。,术语表候选
Enter the hold,舰船航海,进入船舱,进入船舱,AI音译，保留文化专名。,术语表候选
Equipped,舰船航海,已装备,已装备,AI音译，保留文化专名。,术语表候选
Escape Captivity,舰船航海,逃离囚禁,逃离囚禁,AI音译，保留文化专名。,术语表候选
Escape Zone,舰船航海,逃离区域,逃离区域,AI音译，保留文化专名。,术语表候选
Escort the Vlandian Merchants,舰船航海,护送瓦兰迪亚商人,护送瓦兰迪亚商人,AI音译，保留文化专名。,术语表候选
Fahda's Consort,舰船航海,法赫达的护卫舰,法赫达的护卫舰,AI音译，保留文化专名。,术语表候选
Fahda's Corsairs,舰船航海,法赫达的海盗,法赫达的海盗,AI音译，保留文化专名。,术语表候选
Fahda's Ship,舰船航海,法赫达之舰,法赫达之舰,AI音译，保留文化专名。,术语表候选
Falcon,舰船航海,猎隼,猎隼,AI音译，保留文化专名。,术语表候选
Feather of Truth,舰船航海,真理之羽,真理之羽,AI音译，保留文化专名。,术语表候选
Ferret,舰船航海,雪貂,雪貂,AI音译，保留文化专名。,术语表候选
Ferryman,舰船航海,渡夫,渡夫,AI音译，保留文化专名。,术语表候选
Fighting Cockerel,舰船航海,斗鸡,斗鸡,AI音译，保留文化专名。,术语表候选
Figurehead,舰船航海,船首像,船首像,AI音译，保留文化专名。,术语表候选
Find your sister,舰船航海,寻找你的姐妹,寻找你的姐妹,AI音译，保留文化专名。,术语表候选
Fine Honed Boarding Weapons,舰船航海,精磨接舷武器,精磨接舷武器,AI音译，保留文化专名。,术语表候选
Fire Grapeshot Ballista,舰船航海,火焰霰弹弩炮,火焰霰弹弩炮,AI音译，保留文化专名。,术语表候选
Fire Pot Ballista,舰船航海,火罐弩炮,火罐弩炮,AI音译，保留文化专名。,术语表候选
Fishing Ship,舰船航海,渔船,渔船,AI音译，保留文化专名。,术语表候选
Fleet Commander,舰船航海,舰队指挥官,舰队指挥官,AI音译，保留文化专名。,术语表候选
Fleet Condition,舰船航海,舰队状态,舰队状态,AI音译，保留文化专名。,术语表候选
Flower,舰船航海,繁花,繁花,AI音译，保留文化专名。,术语表候选
Foe-Scatterer,舰船航海,破敌者,破敌者,AI音译，保留文化专名。,术语表候选
Follow Gunnar into the water,舰船航海,跟随贡纳尔入水,跟随贡纳尔入水,AI音译，保留文化专名。,术语表候选
Forceful,舰船航海,强力,强力,AI音译，保留文化专名。,术语表候选
Fore,舰船航海,船首,船首,AI音译，保留文化专名。,术语表候选
Fortune,舰船航海,幸运,幸运,AI音译，保留文化专名。,术语表候选
Fox,舰船航海,狐,狐,AI音译，保留文化专名。,术语表候选
Fragrance,舰船航海,芬芳,芬芳,AI音译，保留文化专名。,术语表候选
Free the Sea Hounds' captives,舰船航海,解救海狼的俘虏,解救海狼的俘虏,AI音译，保留文化专名。,术语表候选
Free yourself,舰船航海,挣脱束缚,挣脱束缚,AI音译，保留文化专名。,术语表候选
Frost-Giant,舰船航海,霜巨人,霜巨人,AI音译，保留文化专名。,术语表候选
Fryr's Pocket-Contents,舰船航海,弗莱尔的口袋,弗莱尔的口袋,AI音译，保留文化专名。,术语表候选
Fury of Erlik,舰船航海,厄尔利克之怒,厄尔利克之怒,AI音译，保留文化专名。,术语表候选
Fyrger,舰船航海,菲尔格,菲尔格,AI音译，保留文化专名。,术语表候选
Gale-Rider,舰船航海,御风者,御风者,AI音译，保留文化专名。,术语表候选
Gather Reinforcements,舰船航海,集结援军,集结援军,AI音译，保留文化专名。,术语表候选
Gatopard,舰船航海,豹猫,豹猫,AI音译，保留文化专名。,术语表候选
Gazelle,舰船航海,羚羊,羚羊,AI音译，保留文化专名。,术语表候选
Get ready to board…,舰船航海,准备接舷……,准备接舷……,AI音译，保留文化专名。,术语表候选
Ghibli,舰船航海,热风,热风,AI音译，保留文化专名。,术语表候选
Ghost,舰船航海,幽灵,幽灵,AI音译，保留文化专名。,术语表候选
Ghost Ship,舰船航海,幽灵船,幽灵船,AI音译，保留文化专名。,术语表候选
Ghula's Kiss,舰船航海,古拉之吻,古拉之吻,AI音译，保留文化专名。,术语表候选
Ghurab,舰船航海,古拉布,古拉布,AI音译，保留文化专名。,术语表候选
Giant,舰船航海,巨人,贾恩特号,AI音译，保留文化专名。,术语表候选
Gift of Bura Khan,舰船航海,布拉汗之赐,布拉汗之赐号,AI音译，保留文化专名。,术语表候选
Gilded Purse,舰船航海,镀金钱袋,吉尔德珀斯号,AI音译，保留文化专名。,术语表候选
Give,舰船航海,给予,吉夫号,AI音译，保留文化专名。,术语表候选
Give Back,舰船航海,归还,吉夫巴克号,AI音译，保留文化专名。,术语表候选
Give preference to infantry troops,舰船航海,优先步兵,优先步兵,AI音译，保留文化专名。,术语表候选
Give preference to ranged troops,舰船航海,优先远程,优先远程,AI音译，保留文化专名。,术语表候选
Go to the port,舰船航海,前往港口,前往港口,AI音译，保留文化专名。,术语表候选
Go to the Skatria Islands,舰船航海,前往斯卡特里亚群岛,前往斯卡特里亚群岛,AI音译，保留文化专名。,术语表候选
Go to the town center,舰船航海,前往镇中心,前往镇中心,AI音译，保留文化专名。,术语表候选
Golden Dromedary,舰船航海,金驼,戈尔登德罗默达里号,AI音译，保留文化专名。,术语表候选
Golden Eel,舰船航海,金鳗,戈尔登伊尔号,AI音译，保留文化专名。,术语表候选
Golden Mermaid,舰船航海,金美人鱼,戈尔登默梅德号,AI音译，保留文化专名。,术语表候选
Golden Rukh,舰船航海,金巨鹏,戈尔登鲁克号,AI音译，保留文化专名。,术语表候选
Grapeshot Ballista,舰船航海,葡萄弹弩炮,格雷普肖特巴利斯塔号,AI音译，保留文化专名。,术语表候选
Great Tethys,舰船航海,大泰西斯,格雷特泰西斯号,AI音译，保留文化专名。,术语表候选
Griffin,舰船航海,狮鹫,格里芬号,AI音译，保留文化专名。,术语表候选
Guardian of the Lake,舰船航海,湖之守护者,加迪安奥夫瑟莱克号,AI音译，保留文化专名。,术语表候选
Guiding Star,舰船航海,指路星,盖丁斯塔尔号,AI音译，保留文化专名。,术语表候选
Gull,舰船航海,海鸥,加尔号,AI音译，保留文化专名。,术语表候选
Gunnar's Longship,舰船航海,贡纳长船,贡纳朗希普号,AI音译，保留文化专名。,术语表候选
Gunnar's Skill,舰船航海,贡纳之技,贡纳斯吉尔号,AI音译，保留文化专名。,术语表候选
Haboob,舰船航海,沙暴,哈布布号,AI音译，保留文化专名。,术语表候选
Hailing point,舰船航海,呼叫点,海灵波因特号,AI音译，保留文化专名。,术语表候选
Hare,舰船航海,野兔,海尔号,AI音译，保留文化专名。,术语表候选
Hargard River,舰船航海,哈加德河,哈加德河,AI音译，保留文化专名。,术语表候选
Heavy,舰船航海,重型,赫维号,AI音译，保留文化专名。,术语表候选
Heavy Iron Ballista,舰船航海,重铁弩炮,赫维艾恩巴利斯塔号,AI音译，保留文化专名。,术语表候选
Heavy Reinforced Ram,舰船航海,重型加固冲角,赫维雷因福斯特拉姆号,AI音译，保留文化专名。,术语表候选
Heavy Stone Ballista,舰船航海,重石弩炮,赫维斯通巴利斯塔号,AI音译，保留文化专名。,术语表候选
Heavy Storm Cover,舰船航海,重型风暴顶篷,赫维斯托姆卡弗号,AI音译，保留文化专名。,术语表候选
Heifer,舰船航海,小母牛,海弗号,AI音译，保留文化专名。,术语表候选
Heron,舰船航海,苍鹭,赫伦号,AI音译，保留文化专名。,术语表候选
Herring,舰船航海,鲱鱼,赫林号,AI音译，保留文化专名。,术语表候选
Hersir,舰船航海,赫尔希尔,赫尔希尔号,AI音译，保留文化专名。,术语表候选
Hind,舰船航海,雌鹿,海恩德号,AI音译，保留文化专名。,术语表候选
Hippalectryon,舰船航海,马鸡兽,希帕莱克特里昂号,AI音译，保留文化专名。,术语表候选
Hippocampus,舰船航海,海马,希波坎帕斯号,AI音译，保留文化专名。,术语表候选
Hold,舰船航海,货舱,霍尔德号,AI音译，保留文化专名。,术语表候选
Hold Off Sea Hounds,舰船航海,抵御海犬,霍尔德奥夫西豪恩兹号,AI音译，保留文化专名。,术语表候选
Home Turf Advantage,舰船航海,主场优势,霍姆特夫阿德万蒂奇号,AI音译，保留文化专名。,术语表候选
Hornet,舰船航海,大黄蜂,霍内特号,AI音译，保留文化专名。,术语表候选
Hound,舰船航海,猎犬,豪恩德号,AI音译，保留文化专名。,术语表候选
Hound of the Otherworld,舰船航海,冥界猎犬,豪恩德奥夫迪阿瑟沃尔德号,AI音译，保留文化专名。,术语表候选
Houndfish,舰船航海,狗鱼,豪恩德菲什号,AI音译，保留文化专名。,术语表候选
Hralnar's Bane,舰船航海,拉尔纳之灾,拉尔纳贝恩号,AI音译，保留文化专名。,术语表候选
Hull-Biter,舰船航海,噬壳者,哈尔拜特号,AI音译，保留文化专名。,术语表候选
I'll go there myself,舰船航海,我亲自去,艾尔戈瑟尔迈塞尔夫号,AI音译，保留文化专名。,术语表候选
Ibex,舰船航海,野山羊,伊贝克斯号,AI音译，保留文化专名。,术语表候选
Ibis,舰船航海,朱鹭,伊比斯号,AI音译，保留文化专名。,术语表候选
Imperial Fleet,舰船航海,帝国舰队,因皮里尔弗利特号,AI音译，保留文化专名。,术语表候选
Imperium,舰船航海,帝国,因皮里乌姆号,AI音译，保留文化专名。,术语表候选
Inspect shipyard,舰船航海,视察船坞,因斯佩克特希普亚德号,AI音译，保留文化专名。,术语表候选
Invincible Sun,舰船航海,不败之日,因文西布尔桑号,AI音译，保留文化专名。,术语表候选
Ironskin,舰船航海,铁皮,艾恩斯金号,AI音译，保留文化专名。,术语表候选
Jackal,舰船航海,胡狼,杰卡尔号,AI音译，保留文化专名。,术语表候选
Jackdaw,舰船航海,寒鸦,杰克道号,AI音译，保留文化专名。,术语表候选
Jasmine,舰船航海,茉莉,贾斯明号,AI音译，保留文化专名。,术语表候选
Jewel,舰船航海,宝石,朱厄尔号,AI音译，保留文化专名。,术语表候选
Justice,舰船航海,正义,贾斯蒂斯号,AI音译，保留文化专名。,术语表候选
Karakaz,舰船航海,卡拉卡兹,卡拉卡兹号,AI音译，保留文化专名。,术语表候选
Keel-Snapper,舰船航海,碎龙骨,基尔斯纳珀号,AI音译，保留文化专名。,术语表候选
Keep Watch,舰船航海,保持警戒,基普沃奇号,AI音译，保留文化专名。,术语表候选
Kestrel,舰船航海,红隼,凯斯特雷尔号,AI音译，保留文化专名。,术语表候选
Khamsin,舰船航海,喀新风,卡姆辛号,AI音译，保留文化专名。,术语表候选
Kingfisher,舰船航海,翠鸟,金菲舍号,AI音译，保留文化专名。,术语表候选
Knarr,舰船航海,克纳尔,克纳尔号,AI音译，保留文化专名。,术语表候选
Konrul,舰船航海,康鲁尔,康鲁尔号,AI音译，保留文化专名。,术语表候选
Kraken,舰船航海,克拉肯,克拉肯号,AI音译，保留文化专名。,术语表候选
Lageta River,舰船航海,拉格塔河,拉格塔河,AI音译，保留文化专名。,术语表候选
Lamassu,舰船航海,拉玛苏,拉玛苏号,AI音译，保留文化专名。,术语表候选
Lamia,舰船航海,拉米亚,拉米亚号,AI音译，保留文化专名。,术语表候选
Lance Breaker Banner,舰船航海,破枪旗,兰斯布雷克班纳号,AI音译，保留文化专名。,术语表候选
Land-Waster Banner,舰船航海,毁地旗,兰德韦斯特班纳号,AI音译，保留文化专名。,术语表候选
Large Arrow and Javelin Crates,舰船航海,大箭矢标枪箱,拉奇阿罗安德贾夫林克雷茨号,AI音译，保留文化专名。,术语表候选
Large Arrow Crates,舰船航海,大箭矢箱,拉奇阿罗克雷茨号,AI音译，保留文化专名。,术语表候选
Large Cargo Tent,舰船航海,大型货帐,拉奇卡戈坦特号,AI音译，保留文化专名。,术语表候选
Lead Sheathing,舰船航海,铅皮包覆,莱德希辛号,AI音译，保留文化专名。,术语表候选
Leaving Story Mode,舰船航海,离开故事模式,利文斯托里莫德号,AI音译，保留文化专名。,术语表候选
Leopard,舰船航海,猎豹,莱奥帕德号,AI音译，保留文化专名。,术语表候选
Liburna,舰船航海,利布尔纳,利布尔纳,AI音译，保留文化专名。,术语表候选
Light,舰船航海,轻型,莱特,AI音译，保留文化专名。,术语表候选
Light Longship,舰船航海,轻型长船,莱特长船,AI音译，保留文化专名。,术语表候选
Light Oars,舰船航海,轻桨,莱特桨,AI音译，保留文化专名。,术语表候选
Light of Dawn,舰船航海,黎明之光,黎明之光号,AI音译，保留文化专名。,术语表候选
Lily,舰船航海,百合,莉莉号,AI音译，保留文化专名。,术语表候选
Linen Sails,舰船航海,亚麻帆,莱嫩帆,AI音译，保留文化专名。,术语表候选
Lir's Wrath,舰船航海,利尔之怒,利尔之怒号,AI音译，保留文化专名。,术语表候选
Lobster,舰船航海,龙虾,洛布斯特号,AI音译，保留文化专名。,术语表候选
Lodya,舰船航海,洛迪亚,洛迪亚,AI音译，保留文化专名。,术语表候选
Longship,舰船航海,长船,长船,AI音译，保留文化专名。,术语表候选
Lotus,舰船航海,莲花,洛特斯号,AI音译，保留文化专名。,术语表候选
Loyal Gundelm,舰船航海,忠贞贡德尔姆,洛亚尔·贡德尔姆号,AI音译，保留文化专名。,术语表候选
Luck,舰船航海,幸运,拉克号,AI音译，保留文化专名。,术语表候选
Lycanthropos,舰船航海,狼人,莱坎斯罗波斯号,AI音译，保留文化专名。,术语表候选
Lynx,舰船航海,山猫,林克斯号,AI音译，保留文化专名。,术语表候选
Mackerel,舰船航海,鲭鱼,麦克雷尔号,AI音译，保留文化专名。,术语表候选
Maiden,舰船航海,少女,梅登号,AI音译，保留文化专名。,术语表候选
Main Deck Crew Capacity,舰船航海,主甲板船员容量,主甲板船员容量,AI音译，保留文化专名。,术语表候选
Majesty,舰船航海,威严,马杰斯蒂号,AI音译，保留文化专名。,术语表候选
Make good your escape,舰船航海,速速脱逃,速速脱逃,AI音译，保留文化专名。,术语表候选
Malaq's Defiance,舰船航海,马拉克的抗争,马拉克的抗争号,AI音译，保留文化专名。,术语表候选
Mandate,舰船航海,天命,曼代特号,AI音译，保留文化专名。,术语表候选
Mandate of the Great Sky,舰船航海,苍天之命,苍天之命号,AI音译，保留文化专名。,术语表候选
Manticore,舰船航海,蝎尾狮,曼提科尔号,AI音译，保留文化专名。,术语表候选
Mare,舰船航海,母马,梅尔号,AI音译，保留文化专名。,术语表候选
Mare of Eria,舰船航海,埃里亚之驹,埃里亚之驹号,AI音译，保留文化专名。,术语表候选
Mariner,舰船航海,水手,马里纳号,AI音译，保留文化专名。,术语表候选
Maritime Weal Edict,舰船航海,海事福祉令,海事福祉令,AI音译，保留文化专名。,术语表候选
Marlin,舰船航海,马林鱼,马林号,AI音译，保留文化专名。,术语表候选
Marten,舰船航海,貂,马滕号,AI音译，保留文化专名。,术语表候选
Master and commander,舰船航海,船长与指挥官,船长与指挥官,AI音译，保留文化专名。,术语表候选
Master Angler,舰船航海,钓术大师,钓术大师,AI音译，保留文化专名。,术语表候选
Master Shipwright,舰船航海,造船大师,造船大师,AI音译，保留文化专名。,术语表候选
Meet the Vlandian Merchants,舰船航海,会见瓦兰迪亚商人,会见瓦兰迪亚商人,AI音译，保留文化专名。,术语表候选
Merchant Fleet,舰船航海,商船队,商船队,AI音译，保留文化专名。,术语表候选
Merchant Prince,舰船航海,商贾王子,商贾王子,AI音译，保留文化专名。,术语表候选
Mergus,舰船航海,秋沙鸭,默格斯号,AI音译，保留文化专名。,术语表候选
Mermaid,舰船航海,美人鱼,默梅德号,AI音译，保留文化专名。,术语表候选
Might of Cetus,舰船航海,鲸涛之力,鲸涛之力号,AI音译，保留文化专名。,术语表候选
Mighty Blows,舰船航海,重击,重击,AI音译，保留文化专名。,术语表候选
Mild,舰船航海,温和,迈尔德号,AI音译，保留文化专名。,术语表候选
Moon Upon Clouds,舰船航海,云中月,云中月号,AI音译，保留文化专名。,术语表候选
Moray Eel,舰船航海,海鳗,莫瑞鳗号,AI音译，保留文化专名。,术语表候选
Moryana,舰船航海,莫里亚娜,莫里亚娜号,AI音译，保留文化专名。,术语表候选
Mount Aracathos,舰船航海,阿拉卡索斯山,阿拉卡索斯山,AI音译，保留文化专名。,术语表候选
Mount Erithrys,舰船航海,埃里瑟里斯山,埃里瑟里斯山,AI音译，保留文化专名。,术语表候选
Move Camera,舰船航海,移动视角,移动视角,AI音译，保留文化专名。,术语表候选
Mullet,舰船航海,鲻鱼,穆利特号,AI音译，保留文化专名。,术语表候选
Must have at least one ship,舰船航海,必须至少有一艘船,必须至少有一艘船,AI音译，保留文化专名。,术语表候选
Myrmidon,舰船航海,密尔弥冬,米尔米登号,AI音译，保留文化专名。,术语表候选
Naglfar-Builder,舰船航海,纳格法尔建造者,纳格法尔建造者,AI音译，保留文化专名。,术语表候选
Nahasawi,舰船航海,纳哈萨维,纳哈萨维,AI音译，保留文化专名。,术语表候选
Naval Battle Combat Penalty Negation Effect,舰船航海,海战战斗惩罚抵消效果,海战战斗惩罚抵消效果,AI音译，保留文化专名。,术语表候选
Naval Bombardment,舰船航海,舰炮轰击,舰炮轰击,AI音译，保留文化专名。,术语表候选
Naval Custom Battle,舰船航海,海战自定义战斗,海战自定义战斗,AI音译，保留文化专名。,术语表候选
Naval Horde,舰船航海,海上部落,海上部落,AI音译，保留文化专名。,术语表候选
Naval Wardenships,舰船航海,海上护卫舰,海上护卫舰,AI音译，保留文化专名。,术语表候选
Nifdal River,舰船航海,尼夫达尔河,尼夫达尔河,AI音译，保留文化专名。,术语表候选
Night Raider,舰船航海,夜袭者,夜袭者号,AI音译，保留文化专名。,术语表候选
Nimble Surge,舰船航海,灵巧突袭,灵巧突袭,AI音译，保留文化专名。,术语表候选
Njaldar,舰船航海,尼亚尔达尔,尼亚尔达尔,AI音译，保留文化专名。,术语表候选
No ships available,舰船航海,无船可用,无船可用,AI音译，保留文化专名。,术语表候选
Northern Open Sea,舰船航海,北海,北海,AI音译，保留文化专名。,术语表候选
Northern Shields,舰船航海,北盾,北盾号,AI音译，保留文化专名。,术语表候选
Not Available In Settlement,舰船航海,定居点不可用,定居点不可用,AI音译，保留文化专名。,术语表候选
Not Unlocked,舰船航海,未解锁,未解锁,AI音译，保留文化专名。,术语表候选
Nymph,舰船航海,宁芙,宁芙号,AI音译，保留文化专名。,术语表候选
Oaken Serpent,舰船航海,橡木蛇,橡木蛇号,AI音译，保留文化专名。,术语表候选
Oaken Wide Oars,舰船航海,橡木宽桨,橡木宽桨,AI音译，保留文化专名。,术语表候选
Oar,舰船航海,单桨,单桨,AI音译，保留文化专名。,术语表候选
Oar Power,舰船航海,桨力,桨力,AI音译，保留文化专名。,术语表候选
Oar Speed,舰船航海,桨速,桨速,AI音译，保留文化专名。,术语表候选
Oars,舰船航海,桨,桨,AI音译，保留文化专名。,术语表候选
Ocean-Steed,舰船航海,海马,海马号,AI音译，保留文化专名。,术语表候选
Old Salt's Touch,舰船航海,老海之手,老海之手,AI音译，保留文化专名。,术语表候选
Open Sea,舰船航海,公海,公海,AI音译，保留文化专名。,术语表候选
Optimization,舰船航海,优化,优化,AI音译，保留文化专名。,术语表候选
Orders,舰船航海,命令,命令,AI音译，保留文化专名。,术语表候选
Osprey,舰船航海,鱼鹰,奥斯普雷号,AI音译，保留文化专名。,术语表候选
Ostrich,舰船航海,鸵鸟,奥斯特里奇,AI音译，保留文化专名。,术语表候选
Otter,舰船航海,水獭,奥特,AI音译，保留文化专名。,术语表候选
Ouroboros,舰船航海,衔尾蛇,乌洛波洛斯,AI音译，保留文化专名。,术语表候选
Over fleet size,舰船航海,超出舰队规模,超出舰队规模,AI音译，保留文化专名。,术语表候选
Owl,舰船航海,猫头鹰,奥尔,AI音译，保留文化专名。,术语表候选
Paladin Aganalt,舰船航海,圣骑阿加纳特,帕拉丁·阿加纳尔特,AI音译，保留文化专名。,术语表候选
Pale Horseman,舰船航海,苍白骑士,佩尔·霍斯曼,AI音译，保留文化专名。,术语表候选
Palmatian,舰船航海,帕尔马提亚,帕尔马提安,AI音译，保留文化专名。,术语表候选
Panther,舰船航海,黑豹,潘瑟,AI音译，保留文化专名。,术语表候选
Parrot,舰船航海,鹦鹉,帕罗特,AI音译，保留文化专名。,术语表候选
Pearl,舰船航海,珍珠,珀尔,AI音译，保留文化专名。,术语表候选
Peddler,舰船航海,行商,佩德勒,AI音译，保留文化专名。,术语表候选
Pelican,舰船航海,鹈鹕,佩利肯,AI音译，保留文化专名。,术语表候选
Pharaoh's Eye,舰船航海,法老之眼,法老之眼,AI音译，保留文化专名。,术语表候选
Pilgrim,舰船航海,朝圣者,皮尔格里姆,AI音译，保留文化专名。,术语表候选
Pirate Hunter,舰船航海,海盗猎手,海盗猎手,AI音译，保留文化专名。,术语表候选
Pirate's Prowess,舰船航海,海盗之勇,海盗之勇,AI音译，保留文化专名。,术语表候选
Popular Captain,舰船航海,民望船长,民望船长,AI音译，保留文化专名。,术语表候选
Porbeagle,舰船航海,鼠鲨,波比格尔,AI音译，保留文化专名。,术语表候选
Port,舰船航海,左舷,左舷,AI音译，保留文化专名。,术语表候选
Port Authority,舰船航海,港务局,港务局,AI音译，保留文化专名。,术语表候选
Pravend River,舰船航海,普拉文德河,普拉文德河,AI音译，保留文化专名。,术语表候选
Princess,舰船航海,公主,公主,AI音译，保留文化专名。,术语表候选
Princess Sarpea,舰船航海,萨佩亚公主,萨佩亚公主,AI音译，保留文化专名。,术语表候选
Prison Dromon,舰船航海,囚犯德罗蒙,囚犯德罗蒙,AI音译，保留文化专名。,术语表候选
Prisoner ship,舰船航海,囚船,囚船,AI音译，保留文化专名。,术语表候选
Prisoners help meet skeleton crew requirement,舰船航海,囚犯协助满足最低船员需求,囚犯协助满足最低船员需求,AI音译，保留文化专名。,术语表候选
Protect the Merchants,舰船航海,保护商贾,保护商贾,AI音译，保留文化专名。,术语表候选
Purig's Party,舰船航海,普里格之队,普里格之队,AI音译，保留文化专名。,术语表候选
Purig's Roundship,舰船航海,普里格圆船,普里格圆船,AI音译，保留文化专名。,术语表候选
Qalguk,舰船航海,卡尔古克,卡尔古克,AI音译，保留文化专名。,术语表候选
Quivers,舰船航海,箭袋,箭袋,AI音译，保留文化专名。,术语表候选
Raging Hamadryas,舰船航海,怒狒,怒狒,AI音译，保留文化专名。,术语表候选
Rallying Cry,舰船航海,集结号,集结号,AI音译，保留文化专名。,术语表候选
Ram,舰船航海,撞角,撞角,AI音译，保留文化专名。,术语表候选
Ram Enemy Ship,舰船航海,撞击敌船,撞击敌船,AI音译，保留文化专名。,术语表候选
Ran's Doorman,舰船航海,澜之守门人,澜之守门人,AI音译，保留文化专名。,术语表候选
Raven Eye,舰船航海,鸦眼,鸦眼,AI音译，保留文化专名。,术语表候选
Reach the prisoner ship,舰船航海,抵达囚船,抵达囚船,AI音译，保留文化专名。,术语表候选
Reach the ship,舰船航海,抵达船只,抵达船只,AI音译，保留文化专名。,术语表候选
Red Planet,舰船航海,赤星,赤星,AI音译，保留文化专名。,术语表候选
Red Rooster,舰船航海,红公鸡,红公鸡,AI音译，保留文化专名。,术语表候选
Reinforced Battlements with Barracks,舰船航海,强化城垛与营房,强化城垛与营房,AI音译，保留文化专名。,术语表候选
Reinforced Battlements with Improved Rudder,舰船航海,强化城垛与改良舵,强化城垛与改良舵,AI音译，保留文化专名。,术语表候选
Reinforced Bronze Sheathing,舰船航海,强化青铜包层,强化青铜包层,AI音译，保留文化专名。,术语表候选
Reinforced Copper Sheathing,舰船航海,强化铜包层,强化铜包层,AI音译，保留文化专名。,术语表候选
Reinforced Northern Shields,舰船航海,强化北盾,强化北盾,AI音译，保留文化专名。,术语表候选
Reinforced Ram,舰船航海,强化撞角,强化撞角,AI音译，保留文化专名。,术语表候选
Reinforced Southern Shields,舰船航海,强化南盾,强化南盾,AI音译，保留文化专名。,术语表候选
Reinforced Wavebreaker Ram,舰船航海,强化破浪撞角,强化破浪撞角,AI音译，保留文化专名。,术语表候选
Rename,舰船航海,重命名,重命名,AI音译，保留文化专名。,术语表候选
Repair,舰船航海,修理,修理,AI音译，保留文化专名。,术语表候选
Repair All,舰船航海,全部修理,全部修理,AI音译，保留文化专名。,术语表候选
Required Culture,舰船航海,所需文化,所需文化,AI音译，保留文化专名。,术语表候选
Required Cultures,舰船航海,所需文化,所需文化,AI音译，保留文化专名。,术语表候选
Required Port Level,舰船航海,所需港口等级,所需港口等级,AI音译，保留文化专名。,术语表候选
Reserve Crew Capacity,舰船航海,后备船员容量,后备船员容量,AI音译，保留文化专名。,术语表候选
Reset Camera,舰船航海,重置视角,重置视角,AI音译，保留文化专名。,术语表候选
Resilience,舰船航海,韧性,韧性,AI音译，保留文化专名。,术语表候选
Return to Gunnar,舰船航海,返回古纳尔处,返回古纳尔处,AI音译，保留文化专名。,术语表候选
Return to Ostican,舰船航海,归航奥斯蒂坎,归航奥斯蒂坎,AI音译，保留文化专名。,术语表候选
Return to the fight,舰船航海,重返战阵,重返战阵,AI音译，保留文化专名。,术语表候选
Return to your party,舰船航海,归队,归队,AI音译，保留文化专名。,术语表候选
Revenge of Serapeos,舰船航海,塞拉佩奥斯之仇,塞拉佩奥斯之仇,AI音译，保留文化专名。,术语表候选
River Fisherman,舰船航海,河畔渔夫,河畔渔夫,AI音译，保留文化专名。,术语表候选
River Foragers,舰船航海,河畔掠食者,河畔掠食者,AI音译，保留文化专名。,术语表候选
River Raider,舰船航海,河盗,河盗,AI音译，保留文化专名。,术语表候选
River Traders,舰船航海,河商,河商,AI音译，保留文化专名。,术语表候选
Rock of Glanys,舰船航海,格拉尼斯之岩,格拉尼斯之岩,AI音译，保留文化专名。,术语表候选
Roebuck,舰船航海,雄獐,罗巴克,AI音译，保留文化专名。,术语表候选
Rolling Thunder,舰船航海,雷霆翻滚,雷霆翻滚,AI音译，保留文化专名。,术语表候选
Roof,舰船航海,船顶,船顶,AI音译，保留文化专名。,术语表候选
Rorqual,舰船航海,长须鲸,罗夸尔,AI音译，保留文化专名。,术语表候选
Rose,舰船航海,玫瑰,罗斯,AI音译，保留文化专名。,术语表候选
Rotate,舰船航海,旋转,旋转,AI音译，保留文化专名。,术语表候选
Roundship,舰船航海,圆船,圆船,AI音译，保留文化专名。,术语表候选
Royal Navy Prerogative,舰船航海,皇家海军特权,皇家海军特权,AI音译，保留文化专名。,术语表候选
Royal Ransom Claim,舰船航海,王室赎金索求,王室赎金索求,AI音译，保留文化专名。,术语表候选
Rudder Effectiveness,舰船航海,舵效,舵效,AI音译，保留文化专名。,术语表候选
Rudder Power,舰船航海,舵力,舵力,AI音译，保留文化专名。,术语表候选
Rukh's Talons,舰船航海,巨鹏之爪,鲁赫之爪号,AI音译，保留文化专名。,术语表候选
Rusalka,舰船航海,水妖,鲁萨尔卡号,AI音译，保留文化专名。,术语表候选
Sail Hitpoints,舰船航海,帆耐久,帆耐久,AI音译，保留文化专名。,术语表候选
Sail Power,舰船航海,帆力,帆力,AI音译，保留文化专名。,术语表候选
Sail Rotation Speed,舰船航海,帆转速度,帆转速度,AI音译，保留文化专名。,术语表候选
Sail to the Gulf of Charas,舰船航海,航向查拉斯湾,航向查拉斯湾,AI音译，保留文化专名。,术语表候选
Sailors,舰船航海,水手,水手,AI音译，保留文化专名。,术语表候选
Salamander,舰船航海,火蜥蜴,萨拉曼德号,AI音译，保留文化专名。,术语表候选
Salt Mare,舰船航海,盐海,盐海号,AI音译，保留文化专名。,术语表候选
Saluqi Hound,舰船航海,萨路基猎犬,萨路基猎犬号,AI音译，保留文化专名。,术语表候选
Salvage,舰船航海,打捞,打捞,AI音译，保留文化专名。,术语表候选
Sambuk,舰船航海,三桅帆船,桑布克号,AI音译，保留文化专名。,术语表候选
Sanala River,舰船航海,萨纳拉河,萨纳拉河,AI音译，保留文化专名。,术语表候选
Saucy Gallard,舰船航海,俏皮加利亚德,索西·加利亚德号,AI音译，保留文化专名。,术语表候选
Save the Crewmen,舰船航海,营救船员,营救船员,AI音译，保留文化专名。,术语表候选
Sawfish,舰船航海,锯鳐,索菲什号,AI音译，保留文化专名。,术语表候选
Scorpion,舰船航海,蝎尾,斯科皮恩号,AI音译，保留文化专名。,术语表候选
Scourge of the Barbarians,舰船航海,蛮族之鞭,蛮族之鞭号,AI音译，保留文化专名。,术语表候选
Scourge of the Seas,舰船航海,海之灾,海之灾号,AI音译，保留文化专名。,术语表候选
Scythe of Men,舰船航海,人屠,人屠号,AI音译，保留文化专名。,术语表候选
Scythe of Nav,舰船航海,纳夫之镰,纳夫之镰号,AI音译，保留文化专名。,术语表候选
Sea Hound Patrol,舰船航海,海猎犬巡逻,海猎犬巡逻队,AI音译，保留文化专名。,术语表候选
Sea Tsar,舰船航海,海沙皇,海沙皇号,AI音译，保留文化专名。,术语表候选
Seaborne Fortress,舰船航海,海上堡垒,海上堡垒号,AI音译，保留文化专名。,术语表候选
Select Ship,舰船航海,选择舰船,选择舰船,AI音译，保留文化专名。,术语表候选
Sell,舰船航海,出售,出售,AI音译，保留文化专名。,术语表候选
Sell Back,舰船航海,回购,回购,AI音译，保留文化专名。,术语表候选
Senate and People,舰船航海,元老院与人民,元老院与人民号,AI音译，保留文化专名。,术语表候选
Send to Clan,舰船航海,发往家族,发往家族,AI音译，保留文化专名。,术语表候选
Serpent,舰船航海,巨蛇,瑟彭特号,AI音译，保留文化专名。,术语表候选
Set sail,舰船航海,启航,启航,AI音译，保留文化专名。,术语表候选
Shallow Draft,舰船航海,浅吃水,浅吃水,AI音译，保留文化专名。,术语表候选
Sharpened Boarding Weapons,舰船航海,磨利登舰刃,磨利登舰刃,AI音译，保留文化专名。,术语表候选
Shattering Blow,舰船航海,碎甲一击,碎甲一击,AI音译，保留文化专名。,术语表候选
Shattering Volley,舰船航海,碎甲齐射,碎甲齐射,AI音译，保留文化专名。,术语表候选
Shield-Splinterer Banner,舰船航海,碎盾旗,碎盾旗,AI音译，保留文化专名。,术语表候选
Ship,舰船航海,舰船,舰船,AI音译，保留文化专名。,术语表候选
Ship Cleared,舰船航海,舰船已清空,舰船已清空,AI音译，保留文化专名。,术语表候选
Ship Controls,舰船航海,舰船操控,舰船操控,AI音译，保留文化专名。,术语表候选
Ship Hitpoints,舰船航海,舰船耐久,舰船耐久,AI音译，保留文化专名。,术语表候选
Ship name cannot be empty,舰船航海,舰船名称不能为空,舰船名称不能为空,AI音译，保留文化专名。,术语表候选
Ship name cannot contain special characters,舰船航海,舰船名称不能包含特殊字符,舰船名称不能包含特殊字符,AI音译，保留文化专名。,术语表候选
Ship Pulling machine,舰船航海,拖船机,拖船机,AI音译，保留文化专名。,术语表候选
Ship Sails,舰船航海,船帆,船帆,AI音译，保留文化专名。,术语表候选
Ship Types,舰船航海,舰船类型,舰船类型,AI音译，保留文化专名。,术语表候选
Ship Upgrades,舰船航海,舰船升级,舰船升级,AI音译，保留文化专名。,术语表候选
Shipboard ballistas fire during sieges,舰船航海,舰载弩炮攻城射击,舰载弩炮攻城射击,AI音译，保留文化专名。,术语表候选
Shipbuilders,舰船航海,造船匠,造船匠,AI音译，保留文化专名。,术语表候选
Shipmaster,舰船航海,船主,船主,AI音译，保留文化专名。,术语表候选
Ships,舰船航海,舰船,舰船,AI音译，保留文化专名。,术语表候选
Shipwright's Hand,舰船航海,造船匠之手,造船匠之手号,AI音译，保留文化专名。,术语表候选
Shipwright's Insight,舰船航海,造船匠之见,造船匠之见号,AI音译，保留文化专名。,术语表候选
Shipwrights,舰船航海,造船匠,造船匠,AI音译，保留文化专名。,术语表候选
Shipyard,舰船航海,船坞,船坞,AI音译，保留文化专名。,术语表候选
Shipyard Level,舰船航海,船坞等级,船坞等级,AI音译，保留文化专名。,术语表候选
Shock and Awe,舰船航海,震慑打击,震慑打击,AI音译，保留文化专名。,术语表候选
Shore Master,舰船航海,岸主,肖尔·马斯特号,AI音译，保留文化专名。,术语表候选
Shriek of Cathern,舰船航海,凯瑟恩尖啸,凯瑟恩尖啸号,AI音译，保留文化专名。,术语表候选
Shyngay's Delight,舰船航海,辛盖之悦,辛盖之悦号,AI音译，保留文化专名。,术语表候选
Side,舰船航海,侧舷,侧舷,AI音译，保留文化专名。,术语表候选
Sigil of Queen Eshora,舰船航海,艾索拉女王徽记,艾索拉女王徽记号,AI音译，保留文化专名。,术语表候选
Sign of Ulgen,舰船航海,乌尔根之兆,乌尔根之兆号,AI音译，保留文化专名。,术语表候选
Silver Eel,舰船航海,银鳗,银鳗号,AI音译，保留文化专名。,术语表候选
Silver Mermaid,舰船航海,银美人鱼,银美人鱼号,AI音译，保留文化专名。,术语表候选
Simoom,舰船航海,西蒙风,西穆姆号,AI音译，保留文化专名。,术语表候选
Simurgh,舰船航海,西穆尔格,西穆尔格号,AI音译，保留文化专名。,术语表候选
Sink Fahda's Flagship,舰船航海,击沉法赫达旗舰,击沉法赫达旗舰,AI音译，保留文化专名。,术语表候选
Sister Saved,舰船航海,获救姐妹,获救姐妹号,AI音译，保留文化专名。,术语表候选
Skatria Islands,舰船航海,斯卡特里亚群岛,斯卡特里亚群岛,AI音译，保留文化专名。,术语表候选
Skip Cinematic,舰船航海,跳过过场,跳过过场,AI音译，保留文化专名。,术语表候选
Small Boat Fisherman,舰船航海,小舟渔夫,小舟渔夫号,AI音译，保留文化专名。,术语表候选
Smile of Akhileos,舰船航海,阿基琉斯之笑,阿基琉斯之笑号,AI音译，保留文化专名。,术语表候选
Smooth Operator,舰船航海,圆滑操舵,圆滑操舵号,AI音译，保留文化专名。,术语表候选
Snekkja,舰船航海,斯内克贾,斯内克贾号,AI音译，保留文化专名。,术语表候选
Sons of the She-Wolf,舰船航海,母狼之子,母狼之子号,AI音译，保留文化专名。,术语表候选
Southern Basic Awning,舰船航海,南方基础遮阳篷,南方基础遮阳篷,AI音译，保留文化专名。,术语表候选
Southern Basic Covers,舰船航海,南方基础罩布,南方基础罩布,AI音译，保留文化专名。,术语表候选
Southern Exquisite Awning,舰船航海,南方精美遮阳篷,南方精美遮阳篷,AI音译，保留文化专名。,术语表候选
Southern Exquisite Covers,舰船航海,南方精美罩布,南方精美罩布,AI音译，保留文化专名。,术语表候选
Southern Fishing Ship,舰船航海,南方渔船,南方渔船,AI音译，保留文化专名。,术语表候选
Southern Ornate Awning,舰船航海,南方华丽遮阳篷,南方奥内特遮篷,AI音译，保留文化专名。,术语表候选
Southern Ornate Covers,舰船航海,南方华丽罩布,南方奥内特罩布,AI音译，保留文化专名。,术语表候选
Southern Shields,舰船航海,南方盾牌,南方希尔德斯,AI音译，保留文化专名。,术语表候选
Sovereignty,舰船航海,主权号,索维伦蒂号,AI音译，保留文化专名。,术语表候选
Speak to Gunnar and Your Sister,舰船航海,与贡纳和妹妹交谈,与贡纳和妹妹交谈,AI音译，保留文化专名。,术语表候选
Special Arrows,舰船航海,特殊箭矢,斯佩舍尔箭矢,AI音译，保留文化专名。,术语表候选
Splendor,舰船航海,辉煌号,斯普伦多号,AI音译，保留文化专名。,术语表候选
Spoonbill,舰船航海,琵鹭号,斯普恩比尔号,AI音译，保留文化专名。,术语表候选
Stallion,舰船航海,骏马号,斯塔利昂号,AI音译，保留文化专名。,术语表候选
Stallion of Tyal,舰船航海,泰亚尔骏马,泰亚尔之斯塔利昂,AI音译，保留文化专名。,术语表候选
Start over,舰船航海,重新开始,重新开始,AI音译，保留文化专名。,术语表候选
Steed of Asera,舰船航海,阿塞拉战马,阿塞拉之斯蒂德,AI音译，保留文化专名。,术语表候选
Steed of the Ultaiga,舰船航海,乌尔泰加战马,乌尔泰加之斯蒂德,AI音译，保留文化专名。,术语表候选
Steed of the Whale-Road,舰船航海,鲸路战马,鲸路之斯蒂德,AI音译，保留文化专名。,术语表候选
Stingray,舰船航海,黄貂鱼,斯廷雷号,AI音译，保留文化专名。,术语表候选
Storm Cover,舰船航海,风暴罩布,斯托姆罩布,AI音译，保留文化专名。,术语表候选
Storm the Floating Fortress,舰船航海,强攻浮堡,强攻浮堡,AI音译，保留文化专名。,术语表候选
Storm-Petrel,舰船航海,暴风海燕,斯托姆-佩特雷尔号,AI音译，保留文化专名。,术语表候选
Storm-Spirit,舰船航海,风暴之灵,斯托姆-斯皮里特号,AI音译，保留文化专名。,术语表候选
Stormcrow,舰船航海,暴风鸦,斯托姆克罗号,AI音译，保留文化专名。,术语表候选
Stormrider,舰船航海,风暴骑手,斯托姆赖德号,AI音译，保留文化专名。,术语表候选
Stormy,舰船航海,暴风号,斯托米号,AI音译，保留文化专名。,术语表候选
Stout Northern Shields,舰船航海,北方厚盾,北方斯托特盾牌,AI音译，保留文化专名。,术语表候选
Streamlined Operations,舰船航海,精简操帆,斯特林莱恩德操帆,AI音译，保留文化专名。,术语表候选
Sturgian Merchants,舰船航海,斯特吉亚商船,斯特吉亚商船,AI音译，保留文化专名。,术语表候选
Subduer of the Perassic,舰船航海,佩拉西克征服者,佩拉西克之萨布杜尔,AI音译，保留文化专名。,术语表候选
Success,舰船航海,成功号,萨克塞斯号,AI音译，保留文化专名。,术语表候选
Sun of Alixenios,舰船航海,阿利克西尼奥斯之阳,阿利克西尼奥斯之孙,AI音译，保留文化专名。,术语表候选
Sunny Disposition,舰船航海,阳光性情,桑尼迪斯波西申,AI音译，保留文化专名。,术语表候选
Swim to shore,舰船航海,游向岸边,游向岸边,AI音译，保留文化专名。,术语表候选
Swordfish,舰船航海,剑鱼,索德菲什号,AI音译，保留文化专名。,术语表候选
Take,舰船航海,夺取,夺取,AI音译，保留文化专名。,术语表候选
Take a walk around the port,舰船航海,在港口漫步,在港口漫步,AI音译，保留文化专名。,术语表候选
Take Back,舰船航海,夺回,夺回,AI音译，保留文化专名。,术语表候选
Take me to Ostican now,舰船航海,立刻带我去奥斯蒂坎,立刻带我去奥斯蒂坎,AI音译，保留文化专名。,术语表候选
Take out the guards,舰船航海,解决守卫,解决守卫,AI音译，保留文化专名。,术语表候选
Talivel River,舰船航海,塔利维尔河,塔利维尔河,AI音译，保留文化专名。,术语表候选
Talk to Gunnar in port,舰船航海,与港口的贡纳交谈,与港口的贡纳交谈,AI音译，保留文化专名。,术语表候选
Talon of the Zilant,舰船航海,齐兰特之爪,齐兰特之塔隆,AI音译，保留文化专名。,术语表候选
Tamer of the Myzead,舰船航海,迈泽亚德驯服者,迈泽亚德之塔默,AI音译，保留文化专名。,术语表候选
Target,舰船航海,目标,目标,AI音译，保留文化专名。,术语表候选
Target Ship,舰船航海,目标船,目标船,AI音译，保留文化专名。,术语表候选
Terror of the Seas,舰船航海,海上恐怖,海上泰罗,AI音译，保留文化专名。,术语表候选
Terror's Envoy,舰船航海,恐怖使者,泰罗之恩沃伊,AI音译，保留文化专名。,术语表候选
Thalassarch,舰船航海,海洋霸主,萨拉萨克号,AI音译，保留文化专名。,术语表候选
The Corsair's Edge,舰船航海,海盗之锋,科赛尔之埃奇,AI音译，保留文化专名。,术语表候选
The Helmsman's Shield,舰船航海,舵手之盾,赫尔姆斯曼之希尔德,AI音译，保留文化专名。,术语表候选
The Sky's Fury,舰船航海,天怒,斯凯之菲尤里,AI音译，保留文化专名。,术语表候选
Thick Southern Shields,舰船航海,南方厚盾,南方西克盾牌,AI音译，保留文化专名。,术语表候选
Throwing Weapon Stacks,舰船航海,投掷武器堆,斯罗因武器堆,AI音译，保留文化专名。,术语表候选
Ties,舰船航海,纽带,泰斯,AI音译，保留文化专名。,术语表候选
Tithe on Keels,舰船航海,龙骨税,基尔斯之泰斯,AI音译，保留文化专名。,术语表候选
Toggle Cursor,舰船航海,切换光标,切换光标,AI音译，保留文化专名。,术语表候选
Toggle Oarsmen,舰船航海,切换桨手,切换桨手,AI音译，保留文化专名。,术语表候选
Toggle Sail,舰船航海,切换船帆,切换船帆,AI音译，保留文化专名。,术语表候选
Top Speed,舰船航海,极速,极速,AI音译，保留文化专名。,术语表候选
Towards the Attacker,舰船航海,朝向攻击者,朝向攻击者,AI音译，保留文化专名。,术语表候选
Towards the Defender,舰船航海,迎向守御者,迎向守御者,AI音译，保留文化专名。,术语表候选
Towards the Side,舰船航海,侧舷转向,侧舷转向,AI音译，保留文化专名。,术语表候选
Trade Cog,舰船航海,商船,科格商船,AI音译，保留文化专名。,术语表候选
Transferring troops and control,舰船航海,调兵与指挥,调兵与指挥,AI音译，保留文化专名。,术语表候选
Transtemean Wind,舰船航海,越海风,特兰斯特米恩之风,AI音译，保留文化专名。,术语表候选
Travelling skalds,舰船航海,游吟诗人,旅行斯卡尔德,AI音译，保留文化专名。,术语表候选
Treasure,舰船航海,宝藏,特雷热号,AI音译，保留文化专名。,术语表候选
Triumph,舰船航海,凯旋,特里安夫号,AI音译，保留文化专名。,术语表候选
Troll,舰船航海,巨魔,特罗尔号,AI音译，保留文化专名。,术语表候选
Troop Orders,舰船航海,部队指令,部队指令,AI音译，保留文化专名。,术语表候选
Troops In Reserve,舰船航海,预备队,预备队,AI音译，保留文化专名。,术语表候选
Troops On Deck,舰船航海,甲板部队,甲板部队,AI音译，保留文化专名。,术语表候选
Troops' Mounts,舰船航海,部队坐骑,部队坐骑,AI音译，保留文化专名。,术语表候选
Troubled Waters,舰船航海,浑水,特拉布尔德水域,AI音译，保留文化专名。,术语表候选
Try again,舰船航海,重试,重试,AI音译，保留文化专名。,术语表候选
Try again from checkpoint,舰船航海,从存档点重试,从存档点重试,AI音译，保留文化专名。,术语表候选
Try again from last checkpoint,舰船航海,从上一存档点重试,从上一存档点重试,AI音译，保留文化专名。,术语表候选
Tulpar,舰船航海,天马,图尔帕尔号,AI音译，保留文化专名。,术语表候选
Unchain,舰船航海,解链,安切恩号,AI音译，保留文化专名。,术语表候选
Unflinching,舰船航海,不屈,安弗林钦号,AI音译，保留文化专名。,术语表候选
Unicorn,舰船航海,独角兽,尤尼科恩号,AI音译，保留文化专名。,术语表候选
Unlocked,舰船航海,已解锁,已解锁,AI音译，保留文化专名。,术语表候选
Utgard's Joke,舰船航海,乌特加德之嘲,乌特加德之乔克,AI音译，保留文化专名。,术语表候选
Vasileos,舰船航海,王者,瓦西莱奥斯号,AI音译，保留文化专名。,术语表候选
Veteran's Wisdom,舰船航海,老兵智慧,维特兰智慧号,AI音译，保留文化专名。,术语表候选
Vigilant,舰船航海,警戒,维吉兰特号,AI音译，保留文化专名。,术语表候选
Viper Cog,舰船航海,毒蛇商船,维珀柯克号,AI音译，保留文化专名。,术语表候选
Visit the port,舰船航海,访问港口,维西特港,AI音译，保留文化专名。,术语表候选
Vlandian Merchants,舰船航海,瓦兰迪亚商贾,弗兰迪安商贾团,AI音译，保留文化专名。,术语表候选
Vlandian Pirates,舰船航海,瓦兰迪亚海盗,弗兰迪安海盗团,AI音译，保留文化专名。,术语表候选
Vodyanoy,舰船航海,水妖,沃佳诺伊号,AI音译，保留文化专名。,术语表候选
Vrykolakas,舰船航海,血尸,弗瑞科拉卡斯号,AI音译，保留文化专名。,术语表候选
Walrus,舰船航海,海象,沃尔鲁斯号,AI音译，保留文化专名。,术语表候选
Walrus Tusk Hunters,舰船航海,海象猎手,沃尔鲁斯图斯克猎手团,AI音译，保留文化专名。,术语表候选
Warding Hand,舰船航海,护佑之手,沃丁汉德号,AI音译，保留文化专名。,术语表候选
Warrior's Might,舰船航海,勇士之力,沃里尔迈特号,AI音译，保留文化专名。,术语表候选
Wasp,舰船航海,黄蜂,沃斯普号,AI音译，保留文化专名。,术语表候选
Water of Ziram,舰船航海,齐拉姆之水,齐拉姆之水号,AI音译，保留文化专名。,术语表候选
Wave-Steed,舰船航海,浪驹,韦夫斯蒂德号,AI音译，保留文化专名。,术语表候选
Wavebreaker Ram,舰船航海,破浪撞角,韦夫布雷克罗姆号,AI音译，保留文化专名。,术语表候选
Weak,舰船航海,弱,威克号,AI音译，保留文化专名。,术语表候选
Well Stocked,舰船航海,储备充足,韦尔斯托克德号,AI音译，保留文化专名。,术语表候选
Western Galley,舰船航海,西式桨帆船,韦斯特恩加利号,AI音译，保留文化专名。,术语表候选
Whalers,舰船航海,捕鲸者,韦勒斯团,AI音译，保留文化专名。,术语表候选
Whirlwind,舰船航海,旋风,惠尔温德号,AI音译，保留文化专名。,术语表候选
White Dromedary,舰船航海,白驼,怀特德罗梅达里号,AI音译，保留文化专名。,术语表候选
Wide Oars,舰船航海,宽桨,怀德奥尔斯号,AI音译，保留文化专名。,术语表候选
Widow-Maker,舰船航海,寡妇制造者,维多梅克号,AI音译，保留文化专名。,术语表候选
Will of the Kurultai,舰船航海,库里台意志,库里台意志号,AI音译，保留文化专名。,术语表候选
Wind,舰船航海,风,温德号,AI音译，保留文化专名。,术语表候选
Wind Direction,舰船航海,风向,温德迪雷克申号,AI音译，保留文化专名。,术语表候选
Wind Horse,舰船航海,风马,温德霍斯号,AI音译，保留文化专名。,术语表候选
Wind Rider,舰船航海,风行者,温德赖德号,AI音译，保留文化专名。,术语表候选
Wind Strength,舰船航海,风力,温德斯特伦斯号,AI音译，保留文化专名。,术语表候选
Wind's Teeth,舰船航海,风之牙,温兹蒂斯号,AI音译，保留文化专名。,术语表候选
Windborne,舰船航海,乘风,温德伯恩号,AI音译，保留文化专名。,术语表候选
Wisdom,舰船航海,智慧,威斯多姆号,AI音译，保留文化专名。,术语表候选
Witch,舰船航海,女巫,威奇号,AI音译，保留文化专名。,术语表候选
Woe-Bringer,舰船航海,灾厄使者,沃布林格号,AI音译，保留文化专名。,术语表候选
Wolf,舰船航海,狼,沃尔夫号,AI音译，保留文化专名。,术语表候选
Worthy Rotbard,舰船航海,尊贵红胡子,沃西罗特巴德号,AI音译，保留文化专名。,术语表候选
Wounded Beast,舰船航海,负伤之兽,伍恩德比斯特号,AI音译，保留文化专名。,术语表候选
Wrath,舰船航海,怒火,拉斯号,AI音译，保留文化专名。,术语表候选
Wrath of Typhon,舰船航海,提丰之怒,提丰之怒号,AI音译，保留文化专名。,术语表候选
Writs of Reprisal,舰船航海,报复令状,里普赖索尔令状号,AI音译，保留文化专名。,术语表候选
Wyrm,舰船航海,巨蛇,沃姆号,AI音译，保留文化专名。,术语表候选
Wyvern,舰船航海,双足飞龙,威弗恩号,AI音译，保留文化专名。,术语表候选
You are at the port,舰船航海,你已抵达港口,尤阿特港,AI音译，保留文化专名。,术语表候选
You cannot buy this ship,舰船航海,你无法购买此船,尤坎诺特拜迪斯希普号,AI音译，保留文化专名。,术语表候选
You don't have any ships,舰船航海,你没有任何船只,尤东特哈夫安尼希普斯号,AI音译，保留文化专名。,术语表候选
You don't own this ship,舰船航海,你不拥有此船,尤东特欧恩迪斯希普号,AI音译，保留文化专名。,术语表候选
Zedrosis,舰船航海,泽德罗西斯,泽德罗西斯号,AI音译，保留文化专名。,术语表候选
Zeonic Wind,舰船航海,宙风,泽奥尼克温德号,AI音译，保留文化专名。,术语表候选
Zephyr,舰船航海,西风,泽菲尔号,AI音译，保留文化专名。,术语表候选
Nordic,对话文本,诺德,诺迪克,AI音译，保留文化专名。,术语表候选
Bjalthir,对话文本,比亚尔希尔,比亚尔希尔,AI音译，保留文化专名。,术语表候选
king of the Nordvyg,对话文本,诺德维格之王,诺德维格之王,AI音译，保留文化专名。,术语表候选
Kingdom of the Nordvyg,对话文本,诺德维格王国,诺德维格王国,AI音译，保留文化专名。,术语表候选
Nords,对话文本,诺德人,诺德人,AI音译，保留文化专名。,术语表候选
queen of the Nordvyg,对话文本,诺德维格女王,诺德维格女王,AI音译，保留文化专名。,术语表候选
Tertha,对话文本,瑟萨,瑟萨,AI音译，保留文化专名。,术语表候选
the Nords,对话文本,诺德人,诺德人,AI音译，保留文化专名。,术语表候选
Cog,任务剧情,柯克船,柯克号,AI音译，保留文化专名。,术语表候选
Hideout,定居点文本,藏身处,海德奥特,AI音译，保留文化专名。,术语表候选
Ab Comer Castle,定居点文本,阿布科默堡,阿布科默堡,AI音译，保留文化专名。,术语表候选
Aeoria,定居点文本,艾奥里亚,艾奥里亚,AI音译，保留文化专名。,术语表候选
Agalmon,定居点文本,阿加尔蒙,阿加尔蒙,AI音译，保留文化专名。,术语表候选
Ain Baliq Castle,定居点文本,艾因巴利克堡,艾因巴利克堡,AI音译，保留文化专名。,术语表候选
Akkalat,定居点文本,阿卡拉特,阿卡拉特,AI音译，保留文化专名。,术语表候选
Alision,定居点文本,阿利西翁,阿利西翁,AI音译，保留文化专名。,术语表候选
Amitatys,定居点文本,阿米塔提斯,阿米塔提斯,AI音译，保留文化专名。,术语表候选
Amprela,定居点文本,安普雷拉,安普雷拉,AI音译，保留文化专名。,术语表候选
Argoron,定居点文本,阿戈隆,阿戈隆,AI音译，保留文化专名。,术语表候选
Asalig,定居点文本,阿萨利格,阿萨利格,AI音译，保留文化专名。,术语表候选
Askar,定居点文本,阿斯卡,阿斯卡,AI音译，保留文化专名。,术语表候选
Asmait,定居点文本,阿斯迈特,阿斯迈特,AI音译，保留文化专名。,术语表候选
Ath Cafal,定居点文本,阿斯卡法尔,阿斯卡法尔,AI音译，保留文化专名。,术语表候选
Avalyps,定居点文本,阿瓦利普斯,阿瓦利普斯,AI音译，保留文化专名。,术语表候选
Balgard,定居点文本,巴尔加德,巴尔加德,AI音译，保留文化专名。,术语表候选
Baltakhand,定居点文本,巴尔塔汗,巴尔塔汗,AI音译，保留文化专名。,术语表候选
Barihal Castle,定居点文本,巴里哈尔堡,巴里哈尔堡,AI音译，保留文化专名。,术语表候选
Bergum,定居点文本,贝格姆,贝格姆,AI音译，保留文化专名。,术语表候选
Bog Beth,定居点文本,博格贝斯,博格贝斯,AI音译，保留文化专名。,术语表候选
Bukits,定居点文本,布基茨,布基茨,AI音译，保留文化专名。,术语表候选
Caleus Castle,定居点文本,卡利乌斯堡,卡利乌斯堡,AI音译，保留文化专名。,术语表候选
Canterion,定居点文本,坎特里昂,坎特里昂,AI音译，保留文化专名。,术语表候选
Car Banseth,定居点文本,卡班塞斯,卡班塞斯,AI音译，保留文化专名。,术语表候选
Carphenion,定居点文本,卡菲尼昂,卡菲尼昂,AI音译，保留文化专名。,术语表候选
Chaikand,定居点文本,柴坎德,柴坎德,AI音译，保留文化专名。,术语表候选
Charas,定居点文本,查拉斯,查拉斯,AI音译，保留文化专名。,术语表候选
Chornobas,定居点文本,乔诺巴斯,乔诺巴斯,AI音译，保留文化专名。,术语表候选
Crios,定居点文本,克里奥斯,克里奥斯,AI音译，保留文化专名。,术语表候选
Deir Hawa,定居点文本,代尔哈瓦,代尔哈瓦,AI音译，保留文化专名。,术语表候选
Diathma,定居点文本,迪亚斯玛,迪亚斯玛,AI音译，保留文化专名。,术语表候选
Dinar,定居点文本,迪纳尔,迪纳尔,AI音译，保留文化专名。,术语表候选
Drapand,定居点文本,德拉潘德,德拉潘德,AI音译，保留文化专名。,术语表候选
Dunglanys,定居点文本,东格拉尼斯,东格拉尼斯,AI音译，保留文化专名。,术语表候选
Dyopalis,定居点文本,迪奥帕利斯,迪奥帕利斯,AI音译，保留文化专名。,术语表候选
Epicrotea,定居点文本,埃皮克罗提亚,埃皮克罗提亚,AI音译，保留文化专名。,术语表候选
Epinosa,定居点文本,埃皮诺萨,埃皮诺萨,AI音译，保留文化专名。,术语表候选
Erzenur,定居点文本,埃尔泽努尔,埃尔泽努尔,AI音译，保留文化专名。,术语表候选
Esme,定居点文本,埃斯梅,埃斯梅,AI音译，保留文化专名。,术语表候选
Forin,定居点文本,福林,福林,AI音译，保留文化专名。,术语表候选
Fregian,定居点文本,弗雷吉安,弗雷吉安,AI音译，保留文化专名。,术语表候选
Galend,定居点文本,加伦德,加伦德,AI音译，保留文化专名。,术语表候选
Gamardan,定居点文本,加马尔丹,加马尔丹,AI音译，保留文化专名。,术语表候选
Gaos,定居点文本,加奥斯,加奥斯,AI音译，保留文化专名。,术语表候选
Gersegos,定居点文本,格塞戈斯,格塞戈斯,AI音译，保留文化专名。,术语表候选
Geunat Nal,定居点文本,古纳特纳尔,古纳特纳尔,AI音译，保留文化专名。,术语表候选
Glenlithrig,定居点文本,格伦利斯里格,格伦利斯里格,AI音译，保留文化专名。,术语表候选
Goleryn,定居点文本,戈勒林,戈勒林,AI音译，保留文化专名。,术语表候选
Hakkun Castle,定居点文本,哈昆堡,哈昆堡,AI音译，保留文化专名。,术语表候选
Halisvust,定居点文本,哈利斯武斯特,哈利斯武斯特,AI音译，保留文化专名。,术语表候选
Hertogea,定居点文本,赫托盖亚,赫托盖亚,AI音译，保留文化专名。,术语表候选
Hongard,定居点文本,洪加德,洪加德,AI音译，保留文化专名。,术语表候选
Hongard Castle,定居点文本,洪加德堡,洪加德堡,AI音译，保留文化专名。,术语表候选
Hoqqa,定居点文本,霍卡,霍卡,AI音译，保留文化专名。,术语表候选
Hubyar,定居点文本,胡布亚尔,胡布亚尔,AI音译，保留文化专名。,术语表候选
Husn Fulq,定居点文本,胡斯恩富尔克,胡斯恩富尔克,AI音译，保留文化专名。,术语表候选
Iyakis,定居点文本,伊亚基斯,伊亚基斯,AI音译，保留文化专名。,术语表候选
Jaculan,定居点文本,雅库兰,雅库兰,AI音译，保留文化专名。,术语表候选
Jalmarys,定居点文本,贾尔马里斯,贾尔马里斯,AI音译，保留文化专名。,术语表候选
Jamayeh Castle,定居点文本,贾马耶堡,贾马耶堡,AI音译，保留文化专名。,术语表候选
Jeracos,定居点文本,杰拉科斯,杰拉科斯,AI音译，保留文化专名。,术语表候选
Jogurys,定居点文本,约古里斯,约古里斯,AI音译，保留文化专名。,术语表候选
Jogurys Castle,定居点文本,约古里斯堡,约古里斯堡,AI音译，保留文化专名。,术语表候选
Karahan,定居点文本,卡拉汉,卡拉汉,AI音译，保留文化专名。,术语表候选
Kiraz,定居点文本,基拉兹,基拉兹,AI音译，保留文化专名。,术语表候选
Korsyas,定居点文本,科西亚斯,科西亚斯,AI音译，保留文化专名。,术语表候选
Kuruluk,定居点文本,库鲁卢克,库鲁卢克,AI音译，保留文化专名。,术语表候选
Kvol,定居点文本,克沃尔,克沃尔,AI音译，保留文化专名。,术语表候选
Lageta,定居点文本,拉格塔,拉格塔,AI音译，保留文化专名。,术语表候选
Leblenion,定居点文本,莱布莱尼昂,莱布莱尼昂,AI音译，保留文化专名。,术语表候选
Llanoc Hen Castle,定居点文本,兰诺克亨堡,兰诺克亨堡,AI音译，保留文化专名。,术语表候选
Lochana,定居点文本,洛卡纳,洛卡纳,AI音译，保留文化专名。,术语表候选
Lycaron,定居点文本,莱卡隆,莱卡隆,AI音译，保留文化专名。,术语表候选
Makeb,定居点文本,马凯布,马凯布,AI音译，保留文化专名。,术语表候选
Mareiven,定居点文本,马雷文,马雷文,AI音译，保留文化专名。,术语表候选
Marunath,定居点文本,马鲁纳斯,马鲁纳斯,AI音译，保留文化专名。,术语表候选
Mazhadan,定居点文本,马扎丹,马扎丹,AI音译，保留文化专名。,术语表候选
Mazhadan Castle,定居点文本,马扎丹堡,马扎丹堡,AI音译，保留文化专名。,术语表候选
Medeni Castle,定居点文本,梅德尼堡,梅德尼堡,AI音译，保留文化专名。,术语表候选
Melion,定居点文本,梅利昂,梅利昂,AI音译，保留文化专名。,术语表候选
Morenia,定居点文本,莫雷尼亚,莫雷尼亚,AI音译，保留文化专名。,术语表候选
Morihig,定居点文本,莫里希格,莫里希格,AI音译，保留文化专名。,术语表候选
Mot,定居点文本,莫特,莫特,AI音译，保留文化专名。,术语表候选
Myzea,定居点文本,迈泽亚,迈泽亚,AI音译，保留文化专名。,术语表候选
Nogrent,定居点文本,诺格伦特,诺格伦特,AI音译，保留文化专名。,术语表候选
Nutyuk,定居点文本,努图克,努图克,AI音译，保留文化专名。,术语表候选
Ocs Hall,定居点文本,奥克斯厅,奥克斯厅,AI音译，保留文化专名。,术语表候选
Odokh,定居点文本,奥多克,奥多克,AI音译，保留文化专名。,术语表候选
Omor,定居点文本,奥莫尔,奥莫尔,AI音译，保留文化专名。,术语表候选
Onira,定居点文本,奥尼拉,奥尼拉,AI音译，保留文化专名。,术语表候选
Ormanfard,定居点文本,奥曼法德,奥曼法德,AI音译，保留文化专名。,术语表候选
Ortongard,定居点文本,奥通加德,奥通加德,AI音译，保留文化专名。,术语表候选
Ortysia,定居点文本,奥提西亚,奥提西亚,AI音译，保留文化专名。,术语表候选
Ostican,定居点文本,奥斯蒂坎,奥斯蒂坎,AI音译，保留文化专名。,术语表候选
Palisont,定居点文本,帕利松特,帕利松特,AI音译，保留文化专名。,术语表候选
Pen Cannoc,定居点文本,彭卡诺克,彭卡诺克,AI音译，保留文化专名。,术语表候选
Phycaon,定居点文本,菲卡昂,菲卡昂,AI音译，保留文化专名。,术语表候选
Popsia,定居点文本,波普西亚,波普西亚,AI音译，保留文化专名。,术语表候选
Poros,定居点文本,波罗斯,波罗斯,AI音译，保留文化专名。,术语表候选
Pravend,定居点文本,普拉文德,普拉文德,AI音译，保留文化专名。,术语表候选
Primessos,定居点文本,普里梅索斯,普里梅索斯,AI音译，保留文化专名。,术语表候选
Qasira,定居点文本,卡西拉,卡西拉,AI音译，保留文化专名。,术语表候选
Quyaz,定居点文本,库亚兹,库亚兹,AI音译，保留文化专名。,术语表候选
Razih,定居点文本,拉齐赫,拉齐赫,AI音译，保留文化专名。,术语表候选
Remental,定居点文本,雷门塔尔,雷门塔尔,AI音译，保留文化专名。,术语表候选
Revyl,定居点文本,雷维尔,雷维尔,AI音译，保留文化专名。,术语表候选
Rhemtoil,定居点文本,雷姆托伊尔,雷姆托伊尔,AI音译，保留文化专名。,术语表候选
Rhesos,定居点文本,雷索斯,雷索斯,AI音译，保留文化专名。,术语表候选
Rhotae,定居点文本,罗泰,罗泰,AI音译，保留文化专名。,术语表候选
Rodobas,定居点文本,罗多巴斯,罗多巴斯,AI音译，保留文化专名。,术语表候选
Rovalt,定居点文本,罗瓦尔特,罗瓦尔特,AI音译，保留文化专名。,术语表候选
Samatha,定居点文本,萨马萨,萨马萨,AI音译，保留文化专名。,术语表候选
Saneopa,定居点文本,萨内奥帕,萨内奥帕,AI音译，保留文化专名。,术语表候选
Sargot,定居点文本,萨戈特,萨戈特,AI音译，保留文化专名。,术语表候选
Seonon,定居点文本,塞奥农,塞奥农,AI音译，保留文化专名。,术语表候选
Sestadaim Castle,定居点文本,塞斯塔代姆堡,塞斯塔代姆堡,AI音译，保留文化专名。,术语表候选
Shapeshte,定居点文本,沙佩什特,沙佩什特,AI音译，保留文化专名。,术语表候选
Sibir,定居点文本,西比尔,西比尔,AI音译，保留文化专名。,术语表候选
Simira Castle,定居点文本,西米拉堡,西米拉堡,AI音译，保留文化专名。,术语表候选
Skorin,定居点文本,斯科林,斯科林,AI音译，保留文化专名。,术语表候选
Syratos,定居点文本,西拉托斯,西拉托斯,AI音译，保留文化专名。,术语表候选
Syronea,定居点文本,西罗尼亚,西罗尼亚,AI音译，保留文化专名。,术语表候选
Takor Castle,定居点文本,塔科尔堡,塔科尔堡,AI音译，保留文化专名。,术语表候选
Talivel Castle,定居点文本,塔利维尔堡,塔利维尔堡,AI音译，保留文化专名。,术语表候选
Tasheba,定居点文本,塔舍巴,塔舍巴,AI音译，保留文化专名。,术语表候选
Tepes,定居点文本,特佩斯,特佩斯,AI音译，保留文化专名。,术语表候选
Tevea,定居点文本,特维亚,特维亚,AI音译，保留文化专名。,术语表候选
Thorios,定居点文本,索里奥斯,索里奥斯,AI音译，保留文化专名。,术语表候选
Thractorae,定居点文本,斯拉克托雷,斯拉克托雷,AI音译，保留文化专名。,术语表候选
Thractorae Castle,定居点文本,斯拉克托雷堡,斯拉克托雷堡,AI音译，保留文化专名。,术语表候选
Tismil,定居点文本,蒂斯米尔,蒂斯米尔,AI音译，保留文化专名。,术语表候选
Tor Melina,定居点文本,托尔梅利纳,托尔梅利纳,AI音译，保留文化专名。,术语表候选
Tyal,定居点文本,蒂亚尔,蒂亚尔,AI音译，保留文化专名。,术语表候选
Uqba,定居点文本,乌克巴,乌克巴,AI音译，保留文化专名。,术语表候选
Urikskala,定居点文本,乌里克斯卡拉,乌里克斯卡拉,AI音译，保留文化专名。,术语表候选
Usanc Castle,定居点文本,乌桑克堡,乌桑克堡,AI音译，保留文化专名。,术语表候选
Usek,定居点文本,乌塞克,乌塞克,AI音译，保留文化专名。,术语表候选
Ustokol Castle,定居点文本,乌斯托科尔堡,乌斯托科尔堡,AI音译，保留文化专名。,术语表候选
Varcheg,定居点文本,瓦尔切格,瓦尔切格,AI音译，保留文化专名。,术语表候选
Vargornis,定居点文本,瓦尔戈尼斯,瓦尔戈尼斯,AI音译，保留文化专名。,术语表候选
Varnovapol,定居点文本,瓦尔诺瓦波尔,瓦尔诺瓦波尔,AI音译，保留文化专名。,术语表候选
Vathea,定居点文本,瓦西亚,瓦西亚,AI音译，保留文化专名。,术语表候选
Vealos,定居点文本,维阿洛斯,维阿洛斯,AI音译，保留文化专名。,术语表候选
Verecsand,定居点文本,韦雷克桑德,韦雷克桑德,AI音译，保留文化专名。,术语表候选
Verecsand Castle,定居点文本,韦雷克桑德堡,韦雷克桑德堡,AI音译，保留文化专名。,术语表候选
Veron Castle,定居点文本,韦隆堡,韦隆堡,AI音译，保留文化专名。,术语表候选
Vesin,定居点文本,韦辛,韦辛,AI音译，保留文化专名。,术语表候选
Visibrot,定居点文本,维西布罗特,维西布罗特,AI音译，保留文化专名。,术语表候选
Vladiv,定居点文本,弗拉迪夫,弗拉迪夫,AI音译，保留文化专名。,术语表候选
Vostrum,定居点文本,沃斯特鲁姆,沃斯特鲁姆,AI音译，保留文化专名。,术语表候选
Wadar,定居点文本,瓦达尔,瓦达尔,AI音译，保留文化专名。,术语表候选
Yangutum,定居点文本,扬古图姆,扬古图姆,AI音译，保留文化专名。,术语表候选
Zeonica,定居点文本,泽奥尼卡,泽奥尼卡,AI音译，保留文化专名。,术语表候选
Zestea,定居点文本,泽斯特亚,泽斯特亚,AI音译，保留文化专名。,术语表候选
Aalgrun,定居点文本,阿尔格伦,阿尔格伦,AI音译，保留文化专名。,术语表候选
Ab Comer,定居点文本,阿布科默,阿布科默,AI音译，保留文化专名。,术语表候选
Abba,定居点文本,阿巴,阿巴,AI音译，保留文化专名。,术语表候选
Abghan,定居点文本,阿布甘,阿布甘,AI音译，保留文化专名。,术语表候选
Abu Khih,定居点文本,阿布基赫,阿布基赫,AI音译，保留文化专名。,术语表候选
Aegosca,定居点文本,埃戈斯卡,埃戈斯卡,AI音译，保留文化专名。,术语表候选
Agilting,定居点文本,阿吉尔廷,阿吉尔廷,AI音译，保留文化专名。,术语表候选
Agilting Castle,定居点文本,阿吉尔廷堡,阿吉尔廷堡,AI音译，保留文化专名。,术语表候选
Ain Baliq,定居点文本,艾因巴利克,艾因巴利克,AI音译，保留文化专名。,术语表候选
Akiser,定居点文本,阿基瑟,阿基瑟,AI音译，保留文化专名。,术语表候选
Akiser Castle,定居点文本,阿基瑟堡,阿基瑟堡,AI音译，保留文化专名。,术语表候选
Alantas,定居点文本,阿兰塔斯,阿兰塔斯,AI音译，保留文化专名。,术语表候选
Alatys,定居点文本,阿拉蒂斯,阿拉蒂斯,AI音译，保留文化专名。,术语表候选
Alebat,定居点文本,阿莱巴特,阿莱巴特,AI音译，保留文化专名。,术语表候选
Alorstan,定居点文本,阿洛斯坦,阿洛斯坦,AI音译，保留文化专名。,术语表候选
Alosea,定居点文本,阿洛塞亚,阿洛塞亚,AI音译，保留文化专名。,术语表候选
Alov,定居点文本,阿洛夫,阿洛夫,AI音译，保留文化专名。,术语表候选
Alsasos,定居点文本,阿尔萨索斯,阿尔萨索斯,AI音译，保留文化专名。,术语表候选
Amycon,定居点文本,阿米孔,阿米孔,AI音译，保留文化专名。,术语表候选
Andurn,定居点文本,安杜恩,安杜恩,AI音译，保留文化专名。,术语表候选
Arpotis,定居点文本,阿尔波蒂斯,阿尔波蒂斯,AI音译，保留文化专名。,术语表候选
Arromanc,定居点文本,阿罗曼克,阿罗曼克,AI音译，保留文化专名。,术语表候选
Aster,定居点文本,阿斯特,阿斯特,AI音译，保留文化专名。,术语表候选
Aster Castle,定居点文本,阿斯特堡,阿斯特堡,AI音译，保留文化专名。,术语表候选
Ataconia,定居点文本,阿塔科尼亚,阿塔科尼亚,AI音译，保留文化专名。,术语表候选
Ataconia Castle,定居点文本,阿塔科尼亚堡,阿塔科尼亚堡,AI音译，保留文化专名。,术语表候选
Atphynia,定居点文本,阿特菲尼亚,阿特菲尼亚,AI音译，保留文化专名。,术语表候选
Atrion,定居点文本,阿特里翁,阿特里翁,AI音译，保留文化专名。,术语表候选
Atrion Castle,定居点文本,阿特里翁堡,阿特里翁堡,AI音译，保留文化专名。,术语表候选
Avasinton,定居点文本,阿瓦辛顿,阿瓦辛顿,AI音译，保留文化专名。,术语表候选
Backstreet,定居点文本,后街,后街,AI音译，保留文化专名。,术语表候选
Bait Hatif,定居点文本,拜特哈提夫,拜特哈提夫,AI音译，保留文化专名。,术语表候选
Baq,定居点文本,巴克,巴克,AI音译，保留文化专名。,术语表候选
Barihal,定居点文本,巴里哈尔,巴里哈尔,AI音译，保留文化专名。,术语表候选
Beglomuar,定居点文本,贝格洛穆阿尔,贝格洛穆阿尔,AI音译，保留文化专名。,术语表候选
Bir Seif,定居点文本,比尔塞夫,比尔塞夫,AI音译，保留文化专名。,术语表候选
Bjorenbyr,定居点文本,比约伦比尔,比约伦比尔,AI音译，保留文化专名。,术语表候选
